id,query,label
114,"低压,我是小区居民","2,3"
119,"低压,如何办电？","2,4"
121,"低压用户,如何办电？","2,4"
129,"低压用户,带什么","2,6"
130,"低压,我需要带客户有效身份证明吗","2,7"
131,"低压,要带客户有效身份证明吗","2,7"
140,"低压用户,我需要带护照吗","2,9"
141,"低压用户,护照需要吗","2,9"
146,"低压,我替我朋友来办","2,11"
147,"低压,我替我家里来办","2,11"
152,"低压用户,要带委托人的身份证明吗","2,12"
155,"低压,委托授权书也要吗","2,13"
157,"低压用户,委托授权书也要吗","2,13"
160,"低压用户,需要带房产证吗","2,14"
162,"低压,我这算是私人宅基地建筑","2,15"
163,"低压,我家属于宅基地","2,15"
164,"低压用户,我这算是私人宅基地建筑","2,15"
176,"低压用户,要带企业法定代表人身份证复印件，或法定代表人签章的授权本单位人员的授权委托书及被授权经办人的身份证复印件吗","2,18"
177,"低压用户,我需要带企业法定代表人身份证复印件，或法定代表人签章的授权本单位人员的授权委托书及被授权经办人的身份证复印件吗","2,18"
183,"低压,我是代表我们公司来的","2,20"
184,"低压用户,我是代表公司来的","2,20"
186,"低压,要带营业执照复印件吗","2,21"
187,"低压,我需要要带有业执照复印件吗","2,21"
193,"低压用户,我是代表学校来的","2,22"
194,"低压,要事业法人证书或组织机构代码证复印件吗","2,23"
195,"低压,要带事业法人证书或组织机构代码证复印件吗","2,23"
196,"低压用户,要事业法人证书或组织机构代码证复印件吗","2,23"
197,"低压用户,要带事业法人证书或组织机构代码证复印件吗","2,23"
205,"低压用户,是不是需要团级及以上证明","2,25"
207,"低压,我需要带房产证复印件或租赁协议复印件（出具房产证复印件及同意报装证明）吗","2,26"
211,"我是低压用户,家是农村的","2,27"
214,"我是低压用户,要乡镇及以上政府或规划部门的批复文件吗","2,28"
219,"我是低压用户,我这里是新建的","2,29"
220,"低压用户,我这里是新盖的","2,29"
221,"低压用户,我这里是新建的","2,29"
234,"低压用户,是国家优惠价","2,33"
236,"我是低压用户,要政府有关部门核发的资质证明和公益证明（学校、养老院、居委会）吗","2,34"
239,"低压用户,我要带着政府有关部门核发的资质证明和公益证明（学校、养老院、居委会）吗","2,34"
240,"我是低压用户,外部工程施工具体指什么","2,35"
241,"我是低压用户,外部工程施工指什么","2,35"
242,"低压用户,外部工程施工具体指什么","2,35"
243,"低压用户,外部工程施工指什么","2,35"
252,"我是低压用户,要主体证明吗","2,38"
256,"我是低压用户,属于企业","2,39"
259,"低压用户,我代表公司来的","2,39"
260,"我是低压用户,而且是机关事业单位的","2,40"
264,"我是低压用户,要企业法定代表人身份证复印件，或法定代表人签章的授权本单位人员的授权委托书及被授权经办的身份证复印件吗","2,41"
267,"低压用户,要带着企业法定代表人身份证复印件，或法定代表人签章的授权本单位人员的授权委托书及被授权经办的身份证复印件吗","2,41"
274,"低压用户,要客户用电报装申请书、客户用电设备信息登记表（动力、照明）吗","2,43"
279,"低压用户,要房屋产权证明嘛","2,44"
280,"我是低压用户,这房子是我租的","2,45"
286,"低压用户,要租赁协议复印件及产权人同意报装证明材料吗","2,46"
287,"低压用户,我需要带着租赁协议复印件及产权人同意报装证明材料吗","2,46"
289,"我是低压用户,要合法的土地使用证明吗","2,47"
290,"低压用户,要合法的土地使用证明吗","2,47"
302,"低压用户,是国家优惠电价","2,50"
310,"低压用户,要项目立项及批复吗","2,52"
312,"我是低压用户,要上级批准文件、立项批准文件吗","2,53"
317,"低压用户,要规划立项","2,54"
318,"我是低压用户,要建设工程规划许可证及附件吗","2,55"
320,"低压用户,要建设工程规划许可证及附件吗","2,55"
322,"我是低压用户,属于钢铁、电解铝、铁合金、水泥、电石、烧碱、黄磷、锌冶炼高耗能等特殊行业客户","2,56"
325,"低压用户,我是做钢铁的","2,56"
328,"低压用户,要相关政府部门批准的许可文件包括政府主管部门立项或批复文件，环境评估报告、生产许可证等吗","2,57"
330,"我是低压用户,方案答复具体指什么","2,58"
331,"我是低压用户,方案答复这一步我需要做什么？","2,58"
333,"低压用户,方案答复这一步我需要做什么？","2,58"
334,"我是低压用户,装表接电具体指什么","2,59"
336,"低压用户,装表接电具体指什么","2,59"
337,"低压用户,装表接电是？","2,59"
340,"我是小区用户,想问一下怎么办电呢","3,4"
341,"我是小区用户,如何办电？","3,4"
346,"我是小区居民,需要带什么吗","3,6"
347,"我是小区居民,带什么","3,6"
348,"我是小区用户,需要带什么吗","3,6"
349,"我是小区用户,带什么","3,6"
350,"我是小区居民,需要带客户有效身份证明吗","3,7"
355,"我是小区居民,要带身份证吗","3,8"
365,"我是小区用户,需要拿户口簿吗","3,10"
366,"我是小区居民,替我朋友来办","3,11"
369,"我是小区用户,替我家里来办","3,11"
370,"我是小区居民,要带委托人的身份证明吗","3,12"
372,"我是小区用户,要带委托人的身份证明吗","3,12"
376,"我是小区用户,要带委托授权书吗","3,13"
385,"我是小区用户,家属于宅基地","3,15"
389,"我是小区用户,需要带规划部门的批复文件吗","3,16"
399,"我是小区居民,需要要带有效营业执照复印件吗","3,19"
400,"我是小区用户,要带有效营业执照复印件吗","3,19"
407,"我是小区居民,需要要带有业执照复印件吗","3,21"
408,"我是小区用户,要带营业执照复印件吗","3,21"
409,"我是小区用户,需要要带有业执照复印件吗","3,21"
422,"我是小区居民,要团级及以上证明吗","3,25"
424,"我是小区用户,要团级及以上证明吗","3,25"
426,"我是小区居民,要房产证复印件或租赁协议复印件（出具房产证复印件及同意报装证明）吗","3,26"
431,"我是小区居民,家是农村的","3,27"
433,"我是小区用户,家是农村的","3,27"
440,"我是小区用户,这里是新盖的","3,29"
443,"我是小区居民,要带立项、规划批复文件吗","3,30"
445,"我是小区用户,要带立项、规划批复文件吗","3,30"
446,"我是小区居民,需要带立项文件吗","3,31"
448,"我是小区居民,要带规划批复文件吗","3,32"
456,"我是小区居民,要政府有关部门核发的资质证明和公益证明（学校、养老院、居委会）吗","3,34"
460,"我是小区居民,外部工程施工具体指什么","3,35"
465,"我是小区居民,装接电表是？","3,36"
466,"我是小区用户,装接电表具体指什么","3,36"
475,"我是小区用户,是不是也要主体证明","3,38"
487,"我是小区用户,要带着企业法定代表人身份证复印件，或法定代表人签章的授权本单位人员的授权委托书及被授权经办的身份证复印件吗","3,41"
493,"我是小区居民,需要带着客户用电报装申请书、客户用电设备信息登记表（动力、照明）吗","3,43"
497,"我是小区居民,要房屋产权证明嘛","3,44"
498,"我是小区用户,要房屋产权证明吗","3,44"
500,"我是小区居民,这房子是我租的","3,45"
504,"我是小区居民,要租赁协议复印件及产权人同意报装证明材料吗","3,46"
505,"我是小区居民,需要带着租赁协议复印件及产权人同意报装证明材料吗","3,46"
507,"我是小区用户,需要带着租赁协议复印件及产权人同意报装证明材料吗","3,46"
509,"我是小区居民,要合法的土地使用证明吗","3,47"
514,"我是小区用户,要土地租赁协议及产权人同意报装证明材料吗","3,48"
520,"我是小区居民,是国家优惠电价","3,50"
523,"我是小区用户,当时电价有打折","3,50"
528,"我是小区居民,要项目立项及批复吗","3,52"
529,"我是小区居民,要带项目立项及批复吗","3,52"
530,"我是小区用户,要项目立项及批复吗","3,52"
532,"我是小区居民,要上级批准文件、立项批准文件吗","3,53"
539,"我是小区居民,需要带建设工程规划许可证及附件吗","3,55"
541,"我是小区用户,需要带建设工程规划许可证及附件吗","3,55"
555,"我是小区居民,装表接电是？","3,59"
558,"您好，我想问一下怎么办电呢,申请受理这一步包括什么","4,5"
570,"您好，我想问一下怎么办电呢,需要带身份证吗","4,8"
576,"如何办电？,我需要带护照吗","4,9"
579,"您好，我想问一下怎么办电呢,我需要拿户口簿吗","4,10"
580,"如何办电？,我需要带户口簿吗","4,10"
582,"您好，我想问一下怎么办电呢,我替我朋友来办","4,11"
585,"如何办电？,我替我家里来办","4,11"
587,"您好，我想问一下怎么办电呢,委托人的身份证明需要吗","4,12"
591,"您好，我想问一下怎么办电呢,委托授权书也要吗","4,13"
600,"如何办电？,我这算是私人宅基地建筑","4,15"
603,"您好，我想问一下怎么办电呢,需要带规划部门的批复文件吗","4,16"
608,"如何办电？,我是非居民","4,17"
609,"如何办电？,我不是居民","4,17"
624,"如何办电？,要带营业执照复印件吗","4,21"
630,"您好，我想问一下怎么办电呢,要事业法人证书或组织机构代码证复印件吗","4,23"
633,"如何办电？,要带事业法人证书或组织机构代码证复印件吗","4,23"
638,"您好，我想问一下怎么办电呢,要团级及以上证明吗","4,25"
639,"您好，我想问一下怎么办电呢,是不是需要团级及以上证明","4,25"
640,"如何办电？,要团级及以上证明吗","4,25"
642,"您好，我想问一下怎么办电呢,要房产证复印件或租赁协议复印件（出具房产证复印件及同意报装证明）吗","4,26"
644,"如何办电？,要房产证复印件或租赁协议复印件（出具房产证复印件及同意报装证明）吗","4,26"
648,"如何办电？,我在我们村里办电","4,27"
650,"您好，我想问一下怎么办电呢,要乡镇及以上政府或规划部门的批复文件吗","4,28"
651,"您好，我想问一下怎么办电呢,需不需要乡镇及以上政府或规划部门的批复文件","4,28"
653,"如何办电？,需不需要乡镇及以上政府或规划部门的批复文件","4,28"
654,"您好，我想问一下怎么办电呢,这里是新盖的","4,29"
657,"如何办电？,我这里是新建的","4,29"
661,"如何办电？,要带立项、规划批复文件吗","4,30"
665,"您好，我想问一下怎么办电呢,规划批复文件是不是也需要带着？","4,32"
671,"如何办电？,国家给了优惠","4,33"
678,"如何办电？,外部工程施工具体指什么","4,35"
685,"您好，我想问一下怎么办电呢,是高压用户","4,37"
687,"如何办电？,我是高压用户","4,37"
688,"您好，我想问一下怎么办电呢,要主体证明吗","4,38"
689,"您好，我想问一下怎么办电呢,是不是也要主体证明","4,38"
698,"如何办电？,我是机关事业单位的","4,40"
699,"如何办电？,我是代表机关事业单位来的","4,40"
704,"您好，我想问一下怎么办电呢,要报装申请资料吗","4,42"
706,"如何办电？,要报装申请资料吗","4,42"
707,"如何办电？,需不需要报装申请资料","4,42"
709,"您好，我想问一下怎么办电呢,需要带着客户用电报装申请书、客户用电设备信息登记表（动力、照明）吗","4,43"
710,"如何办电？,要客户用电报装申请书、客户用电设备信息登记表（动力、照明）吗","4,43"
713,"您好，我想问一下怎么办电呢,要房屋产权证明嘛","4,44"
717,"您好，我想问一下怎么办电呢,是我租的房子","4,45"
718,"如何办电？,这房子是我租的","4,45"
719,"如何办电？,是我租的房子","4,45"
726,"如何办电？,要合法的土地使用证明吗","4,47"
729,"您好，我想问一下怎么办电呢,要带着土地租赁协议及产权人同意报装证明材料吗","4,48"
731,"如何办电？,要带着土地租赁协议及产权人同意报装证明材料吗","4,48"
732,"您好，我想问一下怎么办电呢,要由所在乡、镇或乡镇以上级别政府部门根据所辖权限开据证明吗","4,49"
733,"您好，我想问一下怎么办电呢,请问要由所在乡、镇或乡镇以上级别政府部门根据所辖权限开据证明吗","4,49"
736,"您好，我想问一下怎么办电呢,是国家优惠电价","4,50"
740,"您好，我想问一下怎么办电呢,要政府有关部门核发的资质证明和公益证明（学校、养老院、居委会等）吗","4,51"
742,"如何办电？,要政府有关部门核发的资质证明和公益证明（学校、养老院、居委会等）吗","4,51"
744,"您好，我想问一下怎么办电呢,要项目立项及批复吗","4,52"
745,"您好，我想问一下怎么办电呢,要带项目立项及批复吗","4,52"
751,"如何办电？,要上级批准文件吗","4,53"
757,"如何办电？,我需要带建设工程规划许可证及附件吗","4,55"
758,"您好，我想问一下怎么办电呢,我属于钢铁、电解铝、铁合金、水泥、电石、烧碱、黄磷、锌冶炼高耗能等特殊行业客户","4,56"
761,"如何办电？,我是做钢铁的","4,56"
762,"您好，我想问一下怎么办电呢,要相关政府部门批准的许可文件包括政府主管部门立项或批复文件，环境评估报告、生产许可证等吗","4,57"
763,"您好，我想问一下怎么办电呢,我需要带相关政府部门批准的许可文件包括政府主管部门立项或批复文件，环境评估报告、生产许可证等吗","4,57"
766,"您好，我想问一下怎么办电呢,方案答复具体指什么","4,58"
770,"您好，我想问一下怎么办电呢,装表接电具体指什么","4,59"
772,"如何办电？,装表接电具体指什么","4,59"
775,"申请受理这一步包括什么,带什么","5,6"
777,"申请受理，我要怎么做,带什么","5,6"
781,"申请受理，我要怎么做,要带客户有效身份证明吗","5,7"
785,"申请受理，我要怎么做,要带身份证吗","5,8"
788,"申请受理，我要怎么做,我需要带护照吗","5,9"
791,"申请受理这一步包括什么,我需要拿户口簿吗","5,10"
809,"申请受理，我要怎么做,需要带租赁协议复印件吗","5,14"
810,"申请受理这一步包括什么,我这算是私人宅基地建筑","5,15"
811,"申请受理这一步包括什么,我家属于宅基地","5,15"
812,"申请受理，我要怎么做,我这算是私人宅基地建筑","5,15"
813,"申请受理，我要怎么做,我家属于宅基地","5,15"
816,"申请受理，我要怎么做,需要带政府的批复文件吗","5,16"
818,"申请受理这一步包括什么,我是非居民","5,17"
823,"申请受理这一步包括什么,我需要带企业法定代表人身份证复印件，或法定代表人签章的授权本单位人员的授权委托书及被授权经办人的身份证复印件吗","5,18"
826,"申请受理这一步包括什么,要带有效营业执照复印件吗","5,19"
831,"申请受理这一步包括什么,我是代表我们公司来的","5,20"
837,"申请受理，我要怎么做,需要要带有业执照复印件吗","5,21"
841,"申请受理，我要怎么做,是代表学校来的","5,22"
846,"申请受理这一步包括什么,我是军队的","5,24"
850,"申请受理这一步包括什么,要团级及以上证明吗","5,25"
852,"申请受理，我要怎么做,要团级及以上证明吗","5,25"
856,"申请受理，我要怎么做,要房产证复印件或租赁协议复印件（出具房产证复印件及同意报装证明）吗","5,26"
861,"申请受理，我要怎么做,家是农村的","5,27"
864,"申请受理，我要怎么做,要乡镇及以上政府或规划部门的批复文件吗","5,28"
865,"申请受理，我要怎么做,需不需要乡镇及以上政府或规划部门的批复文件","5,28"
866,"申请受理这一步包括什么,我这里是新盖的","5,29"
867,"申请受理这一步包括什么,我这里是新建的","5,29"
868,"申请受理，我要怎么做,这里是新盖的","5,29"
869,"申请受理，我要怎么做,我这里是新建的","5,29"
873,"申请受理，我要怎么做,要带立项、规划批复文件吗","5,30"
875,"申请受理，我要怎么做,需要带立项文件吗","5,31"
887,"申请受理，我要怎么做,我要带着政府有关部门核发的资质证明和公益证明（学校、养老院、居委会）吗","5,34"
889,"申请受理这一步包括什么,外部工程施工指什么","5,35"
892,"申请受理这一步包括什么,装接电表具体指什么","5,36"
895,"申请受理，我要怎么做,装接电表是？","5,36"
898,"申请受理，我要怎么做,高压","5,37"
901,"申请受理这一步包括什么,是不是也要主体证明","5,38"
902,"申请受理，我要怎么做,要主体证明吗","5,38"
906,"申请受理，我要怎么做,我属于企业","5,39"
908,"申请受理这一步包括什么,我是机关事业单位的","5,40"
914,"申请受理，我要怎么做,要企业法定代表人身份证复印件，或法定代表人签章的授权本单位人员的授权委托书及被授权经办的身份证复印件吗","5,41"
915,"申请受理，我要怎么做,要带着企业法定代表人身份证复印件，或法定代表人签章的授权本单位人员的授权委托书及被授权经办的身份证复印件吗","5,41"
918,"申请受理，我要怎么做,要报装申请资料吗","5,42"
926,"申请受理，我要怎么做,要房屋产权证明吗","5,44"
936,"申请受理这一步包括什么,要合法的土地使用证明吗","5,47"
939,"申请受理，我要怎么做,要合法的土地使用证明吗","5,47"
940,"申请受理这一步包括什么,要土地租赁协议及产权人同意报装证明材料吗","5,48"
942,"申请受理，我要怎么做,要土地租赁协议及产权人同意报装证明材料吗","5,48"
945,"申请受理这一步包括什么,请问要由所在乡、镇或乡镇以上级别政府部门根据所辖权限开据证明吗","5,49"
953,"申请受理这一步包括什么,我要带着政府有关部门核发的资质证明和公益证明（学校、养老院、居委会等）吗","5,51"
958,"申请受理，我要怎么做,要项目立项及批复吗","5,52"
963,"申请受理，我要怎么做,要上级批准文件吗","5,53"
965,"申请受理，我要怎么做,要规划立项","5,54"
970,"申请受理这一步包括什么,我属于钢铁、电解铝、铁合金、水泥、电石、烧碱、黄磷、锌冶炼高耗能等特殊行业客户","5,56"
971,"申请受理这一步包括什么,我是做钢铁的","5,56"
973,"申请受理，我要怎么做,我是做钢铁的","5,56"
980,"申请受理，我要怎么做,方案答复具体指什么","5,58"
981,"申请受理，我要怎么做,方案答复这一步我需要做什么？","5,58"
982,"申请受理这一步包括什么,装表接电具体指什么","5,59"
986,"需要带什么吗,我需要带客户有效身份证明吗","6,7"
987,"需要带什么吗,要带客户有效身份证明吗","6,7"
991,"需要带什么吗,要带身份证吗","6,8"
993,"带什么呢,要带身份证吗","6,8"
994,"需要带什么吗,我需要带护照吗","6,9"
997,"带什么呢,护照需要吗","6,9"
998,"需要带什么吗,我需要带户口簿吗","6,10"
1001,"带什么呢,我需要拿户口簿吗","6,10"
1002,"需要带什么吗,我替我朋友来办","6,11"
1006,"需要带什么吗,要带委托人的身份证明吗","6,12"
1008,"带什么呢,要带委托人的身份证明吗","6,12"
1015,"需要带什么吗,需要带租赁协议复印件吗","6,14"
1018,"需要带什么吗,我这算是私人宅基地建筑","6,15"
1021,"带什么呢,我家属于宅基地","6,15"
1024,"带什么呢,需要带政府的批复文件吗","6,16"
1030,"需要带什么吗,要带企业法定代表人身份证复印件，或法定代表人签章的授权本单位人员的授权委托书及被授权经办人的身份证复印件吗","6,18"
1036,"带什么呢,要带有效营业执照复印件吗","6,19"
1040,"带什么呢,我是代表公司来的","6,20"
1042,"需要带什么吗,要带营业执照复印件吗","6,21"
1045,"带什么呢,我需要要带有业执照复印件吗","6,21"
1047,"需要带什么吗,我是代表学校来的","6,22"
1049,"带什么呢,我是代表学校来的","6,22"
1054,"需要带什么吗,我是军队的","6,24"
1057,"带什么呢,我是军队的","6,24"
1061,"带什么呢,是不是需要团级及以上证明","6,25"
1062,"需要带什么吗,要房产证复印件或租赁协议复印件（出具房产证复印件及同意报装证明）吗","6,26"
1064,"带什么呢,要房产证复印件或租赁协议复印件（出具房产证复印件及同意报装证明）吗","6,26"
1065,"带什么呢,我需要带房产证复印件或租赁协议复印件（出具房产证复印件及同意报装证明）吗","6,26"
1066,"需要带什么吗,我在我们村里办电","6,27"
1067,"需要带什么吗,我家是农村的","6,27"
1071,"需要带什么吗,需不需要乡镇及以上政府或规划部门的批复文件","6,28"
1073,"带什么呢,需不需要乡镇及以上政府或规划部门的批复文件","6,28"
1078,"需要带什么吗,要立项、规划批复文件吗","6,30"
1079,"需要带什么吗,要带立项、规划批复文件吗","6,30"
1087,"带什么呢,规划批复文件是不是也需要带着？","6,32"
1088,"需要带什么吗,是国家优惠价","6,33"
1092,"需要带什么吗,要政府有关部门核发的资质证明和公益证明（学校、养老院、居委会）吗","6,34"
1093,"需要带什么吗,我要带着政府有关部门核发的资质证明和公益证明（学校、养老院、居委会）吗","6,34"
1094,"带什么呢,要政府有关部门核发的资质证明和公益证明（学校、养老院、居委会）吗","6,34"
1096,"需要带什么吗,外部工程施工具体指什么","6,35"
1099,"带什么呢,外部工程施工指什么","6,35"
1102,"带什么呢,装接电表具体指什么","6,36"
1103,"带什么呢,装接电表是？","6,36"
1104,"需要带什么吗,高压","6,37"
1110,"带什么呢,要主体证明吗","6,38"
1114,"带什么呢,我属于企业","6,39"
1118,"带什么呢,我是机关事业单位的","6,40"
1122,"带什么呢,要企业法定代表人身份证复印件，或法定代表人签章的授权本单位人员的授权委托书及被授权经办的身份证复印件吗","6,41"
1126,"带什么呢,要报装申请资料吗","6,42"
1127,"带什么呢,需不需要报装申请资料","6,42"
1131,"带什么呢,需要带着客户用电报装申请书、客户用电设备信息登记表（动力、照明）吗","6,43"
1134,"带什么呢,要房屋产权证明吗","6,44"
1137,"需要带什么吗,是我租的房子","6,45"
1139,"带什么呢,是我租的房子","6,45"
1140,"需要带什么吗,要租赁协议复印件及产权人同意报装证明材料吗","6,46"
1143,"带什么呢,我需要带着租赁协议复印件及产权人同意报装证明材料吗","6,46"
1144,"需要带什么吗,要合法的土地使用证明吗","6,47"
1147,"带什么呢,要合法的土地使用证明吗","6,47"
1154,"带什么呢,要由所在乡、镇或乡镇以上级别政府部门根据所辖权限开据证明吗","6,49"
1155,"带什么呢,请问要由所在乡、镇或乡镇以上级别政府部门根据所辖权限开据证明吗","6,49"
1157,"需要带什么吗,当时电价有打折","6,50"
1161,"需要带什么吗,我要带着政府有关部门核发的资质证明和公益证明（学校、养老院、居委会等）吗","6,51"
1162,"带什么呢,要政府有关部门核发的资质证明和公益证明（学校、养老院、居委会等）吗","6,51"
1163,"带什么呢,我要带着政府有关部门核发的资质证明和公益证明（学校、养老院、居委会等）吗","6,51"
1172,"需要带什么吗,要规划立项","6,54"
1174,"需要带什么吗,要建设工程规划许可证及附件吗","6,55"
1178,"需要带什么吗,我属于钢铁、电解铝、铁合金、水泥、电石、烧碱、黄磷、锌冶炼高耗能等特殊行业客户","6,56"
1179,"需要带什么吗,我是做钢铁的","6,56"
1185,"带什么呢,我需要带相关政府部门批准的许可文件包括政府主管部门立项或批复文件，环境评估报告、生产许可证等吗","6,57"
1196,"要带客户有效身份证明吗,我需要带身份证吗","7,8"
1212,"要带客户有效身份证明吗,要带委托人的身份证明吗","7,12"
1214,"我需要带客户有效身份证明吗,要带委托授权书吗","7,13"
1222,"我需要带客户有效身份证明吗,我这算是私人宅基地建筑","7,15"
1223,"我需要带客户有效身份证明吗,我家属于宅基地","7,15"
1224,"要带客户有效身份证明吗,我这算是私人宅基地建筑","7,15"
1230,"我需要带客户有效身份证明吗,我是非居民","7,17"
1240,"要带客户有效身份证明吗,要带有效营业执照复印件吗","7,19"
1242,"我需要带客户有效身份证明吗,我是代表公司来的","7,20"
1244,"要带客户有效身份证明吗,我是代表公司来的","7,20"
1247,"我需要带客户有效身份证明吗,我需要要带有业执照复印件吗","7,21"
1248,"要带客户有效身份证明吗,要带营业执照复印件吗","7,21"
1252,"要带客户有效身份证明吗,我是机关事业单位的","7,40"
1256,"要带客户有效身份证明吗,要事业法人证书或组织机构代码证复印件吗","7,23"
1257,"要带客户有效身份证明吗,要带事业法人证书或组织机构代码证复印件吗","7,23"
1258,"我需要带客户有效身份证明吗,我是军队的","7,24"
1268,"要带客户有效身份证明吗,要房产证复印件或租赁协议复印件（出具房产证复印件及同意报装证明）吗","7,26"
1277,"要带客户有效身份证明吗,需不需要乡镇及以上政府或规划部门的批复文件","7,28"
1286,"我需要带客户有效身份证明吗,需要带立项文件吗","7,31"
1287,"要带客户有效身份证明吗,需要带立项文件吗","7,31"
1289,"我需要带客户有效身份证明吗,规划批复文件是不是也需要带着？","7,32"
1292,"我需要带客户有效身份证明吗,是国家优惠价","7,33"
1294,"要带客户有效身份证明吗,是国家优惠价","7,33"
1295,"要带客户有效身份证明吗,国家给了优惠","7,33"
1297,"我需要带客户有效身份证明吗,我要带着政府有关部门核发的资质证明和公益证明（学校、养老院、居委会）吗","7,34"
1298,"要带客户有效身份证明吗,要政府有关部门核发的资质证明和公益证明（学校、养老院、居委会）吗","7,34"
1302,"要带客户有效身份证明吗,外部工程施工具体指什么","7,35"
1304,"我需要带客户有效身份证明吗,装接电表具体指什么","7,36"
1305,"我需要带客户有效身份证明吗,装接电表是？","7,36"
1307,"要带客户有效身份证明吗,装接电表是？","7,36"
1309,"我需要带客户有效身份证明吗,我是高压用户","7,37"
1311,"要带客户有效身份证明吗,我是高压用户","7,37"
1312,"我需要带客户有效身份证明吗,要主体证明吗","7,38"
1318,"要带客户有效身份证明吗,我属于企业","7,39"
1322,"要带客户有效身份证明吗,我是机关事业单位的","7,40"
1323,"要带客户有效身份证明吗,我是代表机关事业单位来的","7,40"
1324,"我需要带客户有效身份证明吗,要企业法定代表人身份证复印件，或法定代表人签章的授权本单位人员的授权委托书及被授权经办的身份证复印件吗","7,41"
1329,"我需要带客户有效身份证明吗,需不需要报装申请资料","7,42"
1330,"要带客户有效身份证明吗,要报装申请资料吗","7,42"
1332,"我需要带客户有效身份证明吗,要客户用电报装申请书、客户用电设备信息登记表（动力、照明）吗","7,43"
1334,"要带客户有效身份证明吗,要客户用电报装申请书、客户用电设备信息登记表（动力、照明）吗","7,43"
1337,"我需要带客户有效身份证明吗,要房屋产权证明嘛","7,44"
1343,"要带客户有效身份证明吗,是我租的房子","7,45"
1344,"我需要带客户有效身份证明吗,要租赁协议复印件及产权人同意报装证明材料吗","7,46"
1350,"要带客户有效身份证明吗,要合法的土地使用证明吗","7,47"
1356,"我需要带客户有效身份证明吗,要由所在乡、镇或乡镇以上级别政府部门根据所辖权限开据证明吗","7,49"
1357,"我需要带客户有效身份证明吗,请问要由所在乡、镇或乡镇以上级别政府部门根据所辖权限开据证明吗","7,49"
1362,"要带客户有效身份证明吗,是国家优惠电价","7,50"
1363,"要带客户有效身份证明吗,当时电价有打折","7,50"
1365,"我需要带客户有效身份证明吗,我要带着政府有关部门核发的资质证明和公益证明（学校、养老院、居委会等）吗","7,51"
1376,"我需要带客户有效身份证明吗,要规划立项","7,54"
1378,"我需要带客户有效身份证明吗,要建设工程规划许可证及附件吗","7,55"
1384,"要带客户有效身份证明吗,我属于钢铁、电解铝、铁合金、水泥、电石、烧碱、黄磷、锌冶炼高耗能等特殊行业客户","7,56"
1388,"要带客户有效身份证明吗,要相关政府部门批准的许可文件包括政府主管部门立项或批复文件，环境评估报告、生产许可证等吗","7,57"
1391,"我需要带客户有效身份证明吗,方案答复这一步我需要做什么？","7,58"
1399,"我需要带身份证吗,护照需要吗","8,9"
1404,"要带身份证吗,我需要带户口簿吗","8,10"
1415,"我需要带身份证吗,委托授权书也要吗","8,13"
1417,"要带身份证吗,委托授权书也要吗","8,13"
1422,"我需要带身份证吗,我这算是私人宅基地建筑","8,15"
1423,"我需要带身份证吗,我家属于宅基地","8,15"
1430,"我需要带身份证吗,我是非居民","8,17"
1432,"要带身份证吗,我是非居民","8,17"
1444,"要带身份证吗,我是代表公司来的","8,20"
1446,"我需要带身份证吗,要带营业执照复印件吗","8,21"
1449,"要带身份证吗,我需要要带有业执照复印件吗","8,21"
1454,"我需要带身份证吗,要事业法人证书或组织机构代码证复印件吗","8,23"
1459,"我需要带身份证吗,我是军队的","8,24"
1460,"要带身份证吗,我是军队的","8,24"
1461,"要带身份证吗,我是军队的","8,24"
1466,"我需要带身份证吗,要房产证复印件或租赁协议复印件（出具房产证复印件及同意报装证明）吗","8,26"
1474,"我需要带身份证吗,要乡镇及以上政府或规划部门的批复文件吗","8,28"
1478,"我需要带身份证吗,我这里是新盖的","8,29"
1479,"我需要带身份证吗,我这里是新建的","8,29"
1482,"我需要带身份证吗,要立项、规划批复文件吗","8,30"
1484,"要带身份证吗,要立项、规划批复文件吗","8,30"
1486,"我需要带身份证吗,需要带立项文件吗","8,31"
1489,"我需要带身份证吗,规划批复文件是不是也需要带着？","8,32"
1491,"要带身份证吗,规划批复文件是不是也需要带着？","8,32"
1496,"我需要带身份证吗,要政府有关部门核发的资质证明和公益证明（学校、养老院、居委会）吗","8,34"
1497,"我需要带身份证和带着政府有关部门核发的资质证明和公益证明（学校、养老院、居委会）吗","8,34"
1499,"要带身份证吗,我要带着政府有关部门核发的资质证明和公益证明（学校、养老院、居委会）吗","8,34"
1503,"要带身份证吗,外部工程施工指什么","8,35"
1509,"我需要带身份证吗,我是高压用户","8,37"
1513,"我需要带身份证吗,是不是也要主体证明","8,38"
1514,"要带身份证吗,要主体证明吗","8,38"
1515,"要带身份证吗,是不是也要主体证明","8,38"
1516,"我需要带身份证吗,我属于企业","8,39"
1517,"我需要带身份证吗,我代表公司来的","8,39"
1520,"我需要带身份证吗,我是机关事业单位的","8,40"
1523,"要带身份证吗,我是代表机关事业单位来的","8,40"
1526,"要带身份证吗,要企业法定代表人身份证复印件，或法定代表人签章的授权本单位人员的授权委托书及被授权经办的身份证复印件吗","8,41"
1528,"我需要带身份证吗,要报装申请资料吗","8,42"
1530,"要带身份证吗,要报装申请资料吗","8,42"
1531,"要带身份证吗,需不需要报装申请资料","8,42"
1532,"我需要带身份证吗,要客户用电报装申请书、客户用电设备信息登记表（动力、照明）吗","8,43"
1533,"我需要带身份证吗,需要带着客户用电报装申请书、客户用电设备信息登记表（动力、照明）吗","8,43"
1534,"要带身份证吗,要客户用电报装申请书、客户用电设备信息登记表（动力、照明）吗","8,43"
1542,"要带身份证吗,这房子是我租的","8,45"
1545,"我需要带身份证吗,我需要带着租赁协议复印件及产权人同意报装证明材料吗","8,46"
1547,"要带身份证吗,我需要带着租赁协议复印件及产权人同意报装证明材料吗","8,46"
1548,"我需要带身份证吗,要合法的土地使用证明吗","8,47"
1551,"要带身份证吗,要合法的土地使用证明吗","8,47"
1553,"我需要带身份证吗,要带着土地租赁协议及产权人同意报装证明材料吗","8,48"
1558,"要带身份证吗,要由所在乡、镇或乡镇以上级别政府部门根据所辖权限开据证明吗","8,49"
1562,"要带身份证吗,是国家优惠电价","8,50"
1563,"要带身份证吗,当时电价有打折","8,50"
1566,"要带身份证吗,要政府有关部门核发的资质证明和公益证明（学校、养老院、居委会等）吗","8,51"
1569,"我需要带身份证吗,要带项目立项及批复吗","8,52"
1571,"要带身份证吗,要带项目立项及批复吗","8,52"
1572,"我需要带身份证吗,要上级批准文件、立项批准文件吗","8,53"
1573,"我需要带身份证吗,要上级批准文件吗","8,53"
1575,"要带身份证吗,要上级批准文件吗","8,53"
1578,"我需要带身份证吗,要建设工程规划许可证及附件吗","8,55"
1580,"要带身份证吗,要建设工程规划许可证及附件吗","8,55"
1581,"要带身份证吗,我需要带建设工程规划许可证及附件吗","8,55"
1583,"我需要带身份证吗,我是做钢铁的","8,56"
1585,"要带身份证吗,我是做钢铁的","8,56"
1586,"我需要带身份证吗,要相关政府部门批准的许可文件包括政府主管部门立项或批复文件，环境评估报告、生产许可证等吗","8,57"
1590,"我需要带身份证吗,方案答复具体指什么","8,58"
1598,"我需要带护照吗,我需要带户口簿吗","9,10"
1601,"护照需要吗,我需要拿户口簿吗","9,10"
1605,"护照需要吗,我替我家里来办","9,11"
1608,"护照需要吗,要带委托人的身份证明吗","9,12"
1609,"护照需要吗,委托人的身份证明需要吗","9,12"
1611,"我需要带护照吗,委托授权书也要吗","9,13"
1614,"我需要带护照吗,需要带房产证吗","9,14"
1615,"我需要带护照吗,需要带租赁协议复印件吗","9,14"
1616,"护照需要吗,需要带房产证吗","9,14"
1631,"我需要带护照吗,我需要带企业法定代表人身份证复印件，或法定代表人签章的授权本单位人员的授权委托书及被授权经办人的身份证复印件吗","9,18"
1634,"我需要带护照吗,要带有效营业执照复印件吗","9,19"
1637,"护照需要吗,我需要要带有效营业执照复印件吗","9,19"
1640,"护照需要吗,我是代表公司来的","9,20"
1643,"我需要带护照吗,我需要要带有业执照复印件吗","9,21"
1647,"我需要带护照吗,我是代表学校来的","9,22"
1650,"我需要带护照吗,要事业法人证书或组织机构代码证复印件吗","9,23"
1652,"护照需要吗,要事业法人证书或组织机构代码证复印件吗","9,23"
1653,"护照需要吗,要带事业法人证书或组织机构代码证复印件吗","9,23"
1658,"我需要带护照吗,要团级及以上证明吗","9,25"
1660,"护照需要吗,要团级及以上证明吗","9,25"
1662,"我需要带护照吗,要房产证复印件或租赁协议复印件（出具房产证复印件及同意报装证明）吗","9,26"
1663,"我需要带护照吗,我需要带房产证复印件或租赁协议复印件（出具房产证复印件及同意报装证明）吗","9,26"
1665,"护照需要吗,我需要带房产证复印件或租赁协议复印件（出具房产证复印件及同意报装证明）吗","9,26"
1666,"我需要带护照吗,我在我们村里办电","9,27"
1668,"护照需要吗,我在我们村里办电","9,27"
1669,"护照需要吗,我家是农村的","9,27"
1671,"我需要带护照吗,需不需要乡镇及以上政府或规划部门的批复文件","9,28"
1674,"我需要带护照吗,我这里是新盖的","9,29"
1681,"护照需要吗,要带立项、规划批复文件吗","9,30"
1682,"我需要带护照吗,需要带立项文件吗","9,31"
1683,"护照需要吗,需要带立项文件吗","9,31"
1684,"我需要带护照吗,要带规划批复文件吗","9,32"
1693,"我需要带护照吗,我要带着政府有关部门核发的资质证明和公益证明（学校、养老院、居委会）吗","9,34"
1695,"护照需要吗,我要带着政府有关部门核发的资质证明和公益证明（学校、养老院、居委会）吗","9,34"
1697,"我需要带护照吗,外部工程施工指什么","9,35"
1699,"护照需要吗,外部工程施工指什么","9,35"
1700,"我需要带护照吗,装接电表具体指什么","9,36"
1706,"护照需要吗,高压","9,37"
1708,"我需要带护照吗,要主体证明吗","9,38"
1717,"我需要带护照吗,我是代表机关事业单位来的","9,40"
1721,"我需要带护照吗,要带着企业法定代表人身份证复印件，或法定代表人签章的授权本单位人员的授权委托书及被授权经办的身份证复印件吗","9,41"
1725,"我需要带护照吗,需不需要报装申请资料","9,42"
1726,"护照需要吗,要报装申请资料吗","9,42"
1728,"我需要带护照吗,要客户用电报装申请书、客户用电设备信息登记表（动力、照明）吗","9,43"
1731,"护照需要吗,需要带着客户用电报装申请书、客户用电设备信息登记表（动力、照明）吗","9,43"
1732,"我需要带护照吗,要房屋产权证明吗","9,44"
1734,"护照需要吗,要房屋产权证明吗","9,44"
1752,"我需要带护照吗,要由所在乡、镇或乡镇以上级别政府部门根据所辖权限开据证明吗","9,49"
1759,"护照需要吗,当时电价有打折","9,50"
1760,"我需要带护照吗,要政府有关部门核发的资质证明和公益证明（学校、养老院、居委会等）吗","9,51"
1762,"护照需要吗,要政府有关部门核发的资质证明和公益证明（学校、养老院、居委会等）吗","9,51"
1766,"护照需要吗,要项目立项及批复吗","9,52"
1770,"护照需要吗,要上级批准文件、立项批准文件吗","9,53"
1774,"我需要带护照吗,要建设工程规划许可证及附件吗","9,55"
1783,"我需要带护照吗,我需要带相关政府部门批准的许可文件包括政府主管部门立项或批复文件，环境评估报告、生产许可证等吗","9,57"
1784,"护照需要吗,要相关政府部门批准的许可文件包括政府主管部门立项或批复文件，环境评估报告、生产许可证等吗","9,57"
1785,"护照需要吗,我需要带相关政府部门批准的许可文件包括政府主管部门立项或批复文件，环境评估报告、生产许可证等吗","9,57"
1786,"我需要带护照吗,方案答复具体指什么","9,58"
1789,"护照需要吗,方案答复这一步我需要做什么？","9,58"
1790,"我需要带护照吗,装表接电具体指什么","9,59"
1791,"我需要带护照吗,装表接电是？","9,59"
1793,"护照需要吗,装表接电是？","9,59"
1796,"我需要拿户口簿吗,我替我朋友来办","10,11"
1799,"我需要带户口簿吗,委托人的身份证明需要吗","10,12"
1805,"我需要拿户口簿吗,委托授权书也要吗","10,13"
1808,"我需要拿户口簿吗,需要带房产证吗","10,14"
1813,"我需要拿户口簿吗,我家属于宅基地","10,15"
1815,"我需要带户口簿吗,需要带规划部门的批复文件吗","10,16"
1817,"我需要拿户口簿吗,需要带规划部门的批复文件吗","10,16"
1824,"我需要拿户口簿吗,要带企业法定代表人身份证复印件，或法定代表人签章的授权本单位人员的授权委托书及被授权经办人的身份证复印件吗","10,18"
1827,"我需要带户口簿吗,我需要要带有效营业执照复印件吗","10,19"
1830,"我需要带户口簿吗,我是代表公司来的","10,20"
1832,"我需要拿户口簿吗,我是代表公司来的","10,20"
1834,"我需要带户口簿吗,要带营业执照复印件吗","10,21"
1839,"我需要带户口簿吗,我是代表学校来的","10,22"
1841,"我需要拿户口簿吗,我是代表学校来的","10,22"
1848,"我需要拿户口簿吗,我是军队的","10,24"
1850,"我需要带户口簿吗,要团级及以上证明吗","10,25"
1851,"我需要带户口簿吗,是不是需要团级及以上证明","10,25"
1852,"我需要拿户口簿吗,要团级及以上证明吗","10,25"
1853,"我需要拿户口簿吗,是不是需要团级及以上证明","10,25"
1856,"我需要拿户口簿吗,要房产证复印件或租赁协议复印件（出具房产证复印件及同意报装证明）吗","10,26"
1861,"我需要拿户口簿吗,我家是农村的","10,27"
1865,"我需要拿户口簿吗,需不需要乡镇及以上政府或规划部门的批复文件","10,28"
1866,"我需要带户口簿吗,我这里是新盖的","10,29"
1872,"我需要拿户口簿吗,要立项、规划批复文件吗","10,30"
1874,"我需要带户口簿吗,需要带立项文件吗","10,31"
1875,"我需要拿户口簿吗,需要带立项文件吗","10,31"
1876,"我需要带户口簿吗,要带规划批复文件吗","10,32"
1878,"我需要拿户口簿吗,要带规划批复文件吗","10,32"
1879,"我需要拿户口簿吗,规划批复文件是不是也需要带着？","10,32"
1882,"我需要拿户口簿吗,是国家优惠价","10,33"
1886,"我需要拿户口簿吗,要政府有关部门核发的资质证明和公益证明（学校、养老院、居委会）吗","10,34"
1902,"我需要拿户口簿吗,要主体证明吗","10,38"
1904,"我需要带户口簿吗,我属于企业","10,39"
1905,"我需要带户口簿吗,我代表公司来的","10,39"
1913,"我需要带户口簿吗,要带着企业法定代表人身份证复印件，或法定代表人签章的授权本单位人员的授权委托书及被授权经办的身份证复印件吗","10,41"
1914,"我需要拿户口簿吗,要企业法定代表人身份证复印件，或法定代表人签章的授权本单位人员的授权委托书及被授权经办的身份证复印件吗","10,41"
1919,"我需要拿户口簿吗,需不需要报装申请资料","10,42"
1922,"我需要拿户口簿吗,要客户用电报装申请书、客户用电设备信息登记表（动力、照明）吗","10,43"
1923,"我需要拿户口簿吗,需要带着客户用电报装申请书、客户用电设备信息登记表（动力、照明）吗","10,43"
1925,"我需要带户口簿吗,要房屋产权证明嘛","10,44"
1927,"我需要拿户口簿吗,要房屋产权证明嘛","10,44"
1928,"我需要带户口簿吗,这房子是我租的","10,45"
1929,"我需要带户口簿吗,是我租的房子","10,45"
1930,"我需要拿户口簿吗,这房子是我租的","10,45"
1931,"我需要拿户口簿吗,是我租的房子","10,45"
1942,"我需要拿户口簿吗,要土地租赁协议及产权人同意报装证明材料吗","10,48"
1943,"我需要拿户口簿吗,要带着土地租赁协议及产权人同意报装证明材料吗","10,48"
1944,"我需要带户口簿吗,要由所在乡、镇或乡镇以上级别政府部门根据所辖权限开据证明吗","10,49"
1945,"我需要带户口簿吗,请问要由所在乡、镇或乡镇以上级别政府部门根据所辖权限开据证明吗","10,49"
1948,"我需要带户口簿吗,是国家优惠电价","10,50"
1950,"我需要拿户口簿吗,是国家优惠电价","10,50"
1953,"我需要带户口簿吗,我要带着政府有关部门核发的资质证明和公益证明（学校、养老院、居委会等）吗","10,51"
1957,"我需要带户口簿吗,要带项目立项及批复吗","10,52"
1958,"我需要拿户口簿吗,要项目立项及批复吗","10,52"
1959,"我需要拿户口簿吗,要带项目立项及批复吗","10,52"
1962,"我需要拿户口簿吗,要上级批准文件、立项批准文件吗","10,53"
1972,"我需要拿户口簿吗,我属于钢铁、电解铝、铁合金、水泥、电石、烧碱、黄磷、锌冶炼高耗能等特殊行业客户","10,56"
1974,"我需要带户口簿吗,要相关政府部门批准的许可文件包括政府主管部门立项或批复文件，环境评估报告、生产许可证等吗","10,57"
1975,"我需要带户口簿吗,我需要带相关政府部门批准的许可文件包括政府主管部门立项或批复文件，环境评估报告、生产许可证等吗","10,57"
1981,"我需要拿户口簿吗,方案答复这一步我需要做什么？","10,58"
1983,"我需要带户口簿吗,装表接电是？","10,59"
1985,"我需要拿户口簿吗,装表接电是？","10,59"
1991,"我替我朋友来办,委托授权书也要吗","11,13"
1996,"我替我家里来办,需要带房产证吗","11,14"
1998,"我替我朋友来办,我这算是私人宅基地建筑","11,15"
2001,"我替我家里来办,我家属于宅基地","11,15"
2004,"我替我家里来办,需要带政府的批复文件吗","11,16"
2007,"我替我朋友来办,我不是居民","11,17"
2012,"我替我家里来办,要带企业法定代表人身份证复印件，或法定代表人签章的授权本单位人员的授权委托书及被授权经办人的身份证复印件吗","11,18"
2015,"我替我朋友来办,我需要要带有效营业执照复印件吗","11,19"
2016,"我替我家里来办,要带有效营业执照复印件吗","11,19"
2017,"我替我家里来办,我需要要带有效营业执照复印件吗","11,19"
2021,"我替我家里来办,我是代表我们公司来的","11,20"
2022,"我替我朋友来办,要带营业执照复印件吗","11,21"
2023,"我替我朋友来办,我需要要带有业执照复印件吗","11,21"
2026,"我替我朋友来办,我是机关事业单位的","11,40"
2032,"我替我家里来办,要事业法人证书或组织机构代码证复印件吗","11,23"
2035,"我替我朋友来办,我是军队的","11,24"
2036,"我替我家里来办,我是军队的","11,24"
2038,"我替我朋友来办,要团级及以上证明吗","11,25"
2040,"我替我家里来办,要团级及以上证明吗","11,25"
2042,"我替我朋友来办,要房产证复印件或租赁协议复印件（出具房产证复印件及同意报装证明）吗","11,26"
2043,"我替我朋友来办,我需要带房产证复印件或租赁协议复印件（出具房产证复印件及同意报装证明）吗","11,26"
2045,"我替我家里来办,我需要带房产证复印件或租赁协议复印件（出具房产证复印件及同意报装证明）吗","11,26"
2048,"我替我家里来办,我在我们村里办电","11,27"
2052,"我替我家里来办,要乡镇及以上政府或规划部门的批复文件吗","11,28"
2056,"我替我家里来办,我这里是新盖的","11,29"
2060,"我替我家里来办,要立项、规划批复文件吗","11,30"
2061,"我替我家里来办,要带立项、规划批复文件吗","11,30"
2062,"我替我朋友来办,需要带立项文件吗","11,31"
2063,"我替我家里来办,需要带立项文件吗","11,31"
2066,"我替我家里来办,要带规划批复文件吗","11,32"
2072,"我替我朋友来办,要政府有关部门核发的资质证明和公益证明（学校、养老院、居委会）吗","11,34"
2077,"我替我朋友来办,外部工程施工指什么","11,35"
2082,"我替我家里来办,装接电表具体指什么","11,36"
2083,"我替我家里来办,装接电表是？","11,36"
2092,"我替我朋友来办,我属于企业","11,39"
2093,"我替我朋友来办,我代表公司来的","11,39"
2094,"我替我家里来办,我属于企业","11,39"
2096,"我替我朋友来办,我是机关事业单位的","11,40"
2100,"我替我朋友来办,要企业法定代表人身份证复印件，或法定代表人签章的授权本单位人员的授权委托书及被授权经办的身份证复印件吗","11,41"
2101,"我替我朋友来办,要带着企业法定代表人身份证复印件，或法定代表人签章的授权本单位人员的授权委托书及被授权经办的身份证复印件吗","11,41"
2103,"我替我家里来办,要带着企业法定代表人身份证复印件，或法定代表人签章的授权本单位人员的授权委托书及被授权经办的身份证复印件吗","11,41"
2106,"我替我家里来办,要报装申请资料吗","11,42"
2110,"我替我家里来办,要客户用电报装申请书、客户用电设备信息登记表（动力、照明）吗","11,43"
2113,"我替我朋友来办,要房屋产权证明嘛","11,44"
2118,"我替我家里来办,这房子是我租的","11,45"
2119,"我替我家里来办,是我租的房子","11,45"
2123,"我替我家里来办,我需要带着租赁协议复印件及产权人同意报装证明材料吗","11,46"
2126,"我替我家里来办,要合法的土地使用证明吗","11,47"
2131,"我替我家里来办,要带着土地租赁协议及产权人同意报装证明材料吗","11,48"
2133,"我替我朋友来办,请问要由所在乡、镇或乡镇以上级别政府部门根据所辖权限开据证明吗","11,49"
2135,"我替我家里来办,请问要由所在乡、镇或乡镇以上级别政府部门根据所辖权限开据证明吗","11,49"
2140,"我替我朋友来办,要政府有关部门核发的资质证明和公益证明（学校、养老院、居委会等）吗","11,51"
2141,"我替我朋友来办,我要带着政府有关部门核发的资质证明和公益证明（学校、养老院、居委会等）吗","11,51"
2142,"我替我家里来办,要政府有关部门核发的资质证明和公益证明（学校、养老院、居委会等）吗","11,51"
2144,"我替我朋友来办,要项目立项及批复吗","11,52"
2145,"我替我朋友来办,要带项目立项及批复吗","11,52"
2148,"我替我朋友来办,要上级批准文件、立项批准文件吗","11,53"
2151,"我替我家里来办,要上级批准文件吗","11,53"
2156,"我替我家里来办,要建设工程规划许可证及附件吗","11,55"
2158,"我替我朋友来办,我属于钢铁、电解铝、铁合金、水泥、电石、烧碱、黄磷、锌冶炼高耗能等特殊行业客户","11,56"
2159,"我替我朋友来办,我是做钢铁的","11,56"
2161,"我替我家里来办,我是做钢铁的","11,56"
2165,"我替我家里来办,我需要带相关政府部门批准的许可文件包括政府主管部门立项或批复文件，环境评估报告、生产许可证等吗","11,57"
2169,"我替我家里来办,方案答复这一步我需要做什么？","11,58"
2171,"我替我朋友来办,装表接电是？","11,59"
2173,"我替我家里来办,装表接电是？","11,59"
2176,"委托人的身份证明需要吗,要带委托授权书吗","12,13"
2177,"委托人的身份证明需要吗,委托授权书也要吗","12,13"
2178,"要带委托人的身份证明吗,需要带房产证吗","12,14"
2179,"要带委托人的身份证明吗,需要带租赁协议复印件吗","12,14"
2182,"要带委托人的身份证明吗,我这算是私人宅基地建筑","12,15"
2183,"要带委托人的身份证明吗,我家属于宅基地","12,15"
2184,"委托人的身份证明需要吗,我这算是私人宅基地建筑","12,15"
2185,"委托人的身份证明需要吗,我家属于宅基地","12,15"
2187,"要带委托人的身份证明吗,需要带规划部门的批复文件吗","12,16"
2193,"委托人的身份证明需要吗,我不是居民","12,17"
2194,"要带委托人的身份证明吗,要带企业法定代表人身份证复印件，或法定代表人签章的授权本单位人员的授权委托书及被授权经办人的身份证复印件吗","12,18"
2195,"要带委托人的身份证明吗,我需要带企业法定代表人身份证复印件，或法定代表人签章的授权本单位人员的授权委托书及被授权经办人的身份证复印件吗","12,18"
2202,"要带委托人的身份证明吗,我是代表公司来的","12,20"
2204,"委托人的身份证明需要吗,我是代表公司来的","12,20"
2206,"要带委托人的身份证明吗,要带营业执照复印件吗","12,21"
2207,"要带委托人的身份证明吗,我需要要带有业执照复印件吗","12,21"
2211,"要带委托人的身份证明吗,我是代表学校来的","12,22"
2215,"要带委托人的身份证明吗,要带事业法人证书或组织机构代码证复印件吗","12,23"
2220,"委托人的身份证明需要吗,我是军队的","12,24"
2221,"委托人的身份证明需要吗,我是军队的","12,24"
2222,"要带委托人的身份证明吗,要团级及以上证明吗","12,25"
2225,"委托人的身份证明需要吗,是不是需要团级及以上证明","12,25"
2230,"要带委托人的身份证明吗,我在我们村里办电","12,27"
2232,"委托人的身份证明需要吗,我在我们村里办电","12,27"
2235,"要带委托人的身份证明吗,需不需要乡镇及以上政府或规划部门的批复文件","12,28"
2236,"委托人的身份证明需要吗,要乡镇及以上政府或规划部门的批复文件吗","12,28"
2240,"委托人的身份证明需要吗,我这里是新盖的","12,29"
2241,"委托人的身份证明需要吗,我这里是新建的","12,29"
2242,"要带委托人的身份证明吗,要立项、规划批复文件吗","12,30"
2243,"要带委托人的身份证明吗,要带立项、规划批复文件吗","12,30"
2253,"要带委托人的身份证明吗,国家给了优惠","12,33"
2254,"委托人的身份证明需要吗,是国家优惠价","12,33"
2260,"要带委托人的身份证明吗,外部工程施工具体指什么","12,35"
2269,"要带委托人的身份证明吗,我是高压用户","12,37"
2273,"要带委托人的身份证明吗,是不是也要主体证明","12,38"
2275,"委托人的身份证明需要吗,是不是也要主体证明","12,38"
2283,"委托人的身份证明需要吗,我是代表机关事业单位来的","12,40"
2291,"委托人的身份证明需要吗,需不需要报装申请资料","12,42"
2294,"委托人的身份证明需要吗,要客户用电报装申请书、客户用电设备信息登记表（动力、照明）吗","12,43"
2295,"委托人的身份证明需要吗,需要带着客户用电报装申请书、客户用电设备信息登记表（动力、照明）吗","12,43"
2298,"委托人的身份证明需要吗,要房屋产权证明吗","12,44"
2300,"要带委托人的身份证明吗,这房子是我租的","12,45"
2307,"委托人的身份证明需要吗,我需要带着租赁协议复印件及产权人同意报装证明材料吗","12,46"
2308,"要带委托人的身份证明吗,要合法的土地使用证明吗","12,47"
2315,"委托人的身份证明需要吗,要带着土地租赁协议及产权人同意报装证明材料吗","12,48"
2319,"委托人的身份证明需要吗,请问要由所在乡、镇或乡镇以上级别政府部门根据所辖权限开据证明吗","12,49"
2320,"要带委托人的身份证明吗,是国家优惠电价","12,50"
2321,"要带委托人的身份证明吗,当时电价有打折","12,50"
2322,"委托人的身份证明需要吗,是国家优惠电价","12,50"
2324,"要带委托人的身份证明吗,要政府有关部门核发的资质证明和公益证明（学校、养老院、居委会等）吗","12,51"
2328,"要带委托人的身份证明吗,要项目立项及批复吗","12,52"
2332,"要带委托人的身份证明吗,要上级批准文件、立项批准文件吗","12,53"
2333,"要带委托人的身份证明吗,要上级批准文件吗","12,53"
2337,"委托人的身份证明需要吗,要规划立项","12,54"
2339,"要带委托人的身份证明吗,我需要带建设工程规划许可证及附件吗","12,55"
2340,"委托人的身份证明需要吗,要建设工程规划许可证及附件吗","12,55"
2351,"要带委托人的身份证明吗,方案答复这一步我需要做什么？","12,58"
2353,"委托人的身份证明需要吗,方案答复这一步我需要做什么？","12,58"
2354,"要带委托人的身份证明吗,装表接电具体指什么","12,59"
2355,"要带委托人的身份证明吗,装表接电是？","12,59"
2359,"要带委托授权书吗,需要带租赁协议复印件吗","13,14"
2364,"委托授权书也要吗,我这算是私人宅基地建筑","13,15"
2365,"委托授权书也要吗,我家属于宅基地","13,15"
2366,"要带委托授权书吗,需要带政府的批复文件吗","13,16"
2369,"委托授权书也要吗,需要带规划部门的批复文件吗","13,16"
2371,"要带委托授权书吗,我不是居民","13,17"
2383,"要带委托授权书吗,我是代表我们公司来的","13,20"
2387,"要带委托授权书吗,我需要要带有业执照复印件吗","13,21"
2390,"要带委托授权书吗,我是机关事业单位的","13,40"
2391,"要带委托授权书吗,我是代表学校来的","13,22"
2401,"委托授权书也要吗,我是军队的","13,24"
2403,"要带委托授权书吗,是不是需要团级及以上证明","13,25"
2404,"委托授权书也要吗,要团级及以上证明吗","13,25"
2407,"要带委托授权书吗,我需要带房产证复印件或租赁协议复印件（出具房产证复印件及同意报装证明）吗","13,26"
2412,"委托授权书也要吗,我在我们村里办电","13,27"
2414,"要带委托授权书吗,要乡镇及以上政府或规划部门的批复文件吗","13,28"
2416,"委托授权书也要吗,要乡镇及以上政府或规划部门的批复文件吗","13,28"
2418,"要带委托授权书吗,我这里是新盖的","13,29"
2420,"委托授权书也要吗,我这里是新盖的","13,29"
2428,"要带委托授权书吗,要带规划批复文件吗","13,32"
2429,"要带委托授权书吗,规划批复文件是不是也需要带着？","13,32"
2434,"委托授权书也要吗,是国家优惠价","13,33"
2437,"要带委托授权书吗,我要带着政府有关部门核发的资质证明和公益证明（学校、养老院、居委会）吗","13,34"
2441,"要带委托授权书吗,外部工程施工指什么","13,35"
2444,"要带委托授权书吗,装接电表具体指什么","13,36"
2446,"委托授权书也要吗,装接电表具体指什么","13,36"
2451,"委托授权书也要吗,我是高压用户","13,37"
2455,"委托授权书也要吗,是不是也要主体证明","13,38"
2458,"委托授权书也要吗,我属于企业","13,39"
2459,"委托授权书也要吗,我代表公司来的","13,39"
2460,"要带委托授权书吗,我是机关事业单位的","13,40"
2464,"要带委托授权书吗,要企业法定代表人身份证复印件，或法定代表人签章的授权本单位人员的授权委托书及被授权经办的身份证复印件吗","13,41"
2466,"委托授权书也要吗,要企业法定代表人身份证复印件，或法定代表人签章的授权本单位人员的授权委托书及被授权经办的身份证复印件吗","13,41"
2469,"要带委托授权书吗,需不需要报装申请资料","13,42"
2470,"委托授权书也要吗,要报装申请资料吗","13,42"
2481,"要带委托授权书吗,是我租的房子","13,45"
2482,"委托授权书也要吗,这房子是我租的","13,45"
2483,"委托授权书也要吗,是我租的房子","13,45"
2486,"委托授权书也要吗,要租赁协议复印件及产权人同意报装证明材料吗","13,46"
2490,"委托授权书也要吗,要合法的土地使用证明吗","13,47"
2491,"委托授权书也要吗,要合法的土地使用证明吗","13,47"
2494,"委托授权书也要吗,要土地租赁协议及产权人同意报装证明材料吗","13,48"
2500,"要带委托授权书吗,是国家优惠电价","13,50"
2501,"要带委托授权书吗,当时电价有打折","13,50"
2502,"委托授权书也要吗,是国家优惠电价","13,50"
2503,"委托授权书也要吗,当时电价有打折","13,50"
2506,"委托授权书也要吗,要政府有关部门核发的资质证明和公益证明（学校、养老院、居委会等）吗","13,51"
2511,"委托授权书也要吗,要带项目立项及批复吗","13,52"
2515,"委托授权书也要吗,要上级批准文件吗","13,53"
2520,"委托授权书也要吗,要建设工程规划许可证及附件吗","13,55"
2523,"要带委托授权书吗,我是做钢铁的","13,56"
2529,"委托授权书也要吗,我需要带相关政府部门批准的许可文件包括政府主管部门立项或批复文件，环境评估报告、生产许可证等吗","13,57"
2531,"要带委托授权书吗,方案答复这一步我需要做什么？","13,58"
2533,"委托授权书也要吗,方案答复这一步我需要做什么？","13,58"
2545,"需要带租赁协议复印件吗,需要带规划部门的批复文件吗","14,16"
2552,"需要带租赁协议复印件吗,要带企业法定代表人身份证复印件，或法定代表人签章的授权本单位人员的授权委托书及被授权经办人的身份证复印件吗","14,18"
2555,"需要带房产证吗,我需要要带有效营业执照复印件吗","14,19"
2559,"需要带房产证吗,我是代表我们公司来的","14,20"
2561,"需要带租赁协议复印件吗,我是代表我们公司来的","14,20"
2567,"需要带房产证吗,我是代表学校来的","14,22"
2574,"需要带房产证吗,我是军队的","14,24"
2576,"需要带租赁协议复印件吗,我是军队的","14,24"
2580,"需要带租赁协议复印件吗,要团级及以上证明吗","14,25"
2581,"需要带租赁协议复印件吗,是不是需要团级及以上证明","14,25"
2583,"需要带房产证吗,我需要带房产证复印件或租赁协议复印件（出具房产证复印件及同意报装证明）吗","14,26"
2586,"需要带房产证吗,我在我们村里办电","14,27"
2587,"需要带房产证吗,我家是农村的","14,27"
2588,"需要带租赁协议复印件吗,我在我们村里办电","14,27"
2590,"需要带房产证吗,要乡镇及以上政府或规划部门的批复文件吗","14,28"
2594,"需要带房产证吗,我这里是新盖的","14,29"
2598,"需要带房产证吗,要立项、规划批复文件吗","14,30"
2601,"需要带租赁协议复印件吗,要带立项、规划批复文件吗","14,30"
2603,"需要带租赁协议复印件吗,需要带立项文件吗","14,31"
2605,"需要带房产证吗,规划批复文件是不是也需要带着？","14,32"
2610,"需要带租赁协议复印件吗,是国家优惠价","14,33"
2613,"需要带房产证吗,我要带着政府有关部门核发的资质证明和公益证明（学校、养老院、居委会）吗","14,34"
2614,"需要带租赁协议复印件吗,要政府有关部门核发的资质证明和公益证明（学校、养老院、居委会）吗","14,34"
2617,"需要带房产证吗,外部工程施工指什么","14,35"
2619,"需要带租赁协议复印件吗,外部工程施工指什么","14,35"
2622,"需要带租赁协议复印件吗,装接电表具体指什么","14,36"
2623,"需要带租赁协议复印件吗,装接电表是？","14,36"
2624,"需要带房产证吗,高压","14,37"
2625,"需要带房产证吗,我是高压用户","14,37"
2637,"需要带房产证吗,我是代表机关事业单位来的","14,40"
2643,"需要带租赁协议复印件吗,要带着企业法定代表人身份证复印件，或法定代表人签章的授权本单位人员的授权委托书及被授权经办的身份证复印件吗","14,41"
2649,"需要带房产证吗,需要带着客户用电报装申请书、客户用电设备信息登记表（动力、照明）吗","14,43"
2655,"需要带租赁协议复印件吗,要房屋产权证明嘛","14,44"
2657,"需要带房产证吗,是我租的房子","14,45"
2663,"需要带租赁协议复印件吗,我需要带着租赁协议复印件及产权人同意报装证明材料吗","14,46"
2665,"需要带房产证吗,要合法的土地使用证明吗","14,47"
2667,"需要带租赁协议复印件吗,要合法的土地使用证明吗","14,47"
2668,"需要带房产证吗,要土地租赁协议及产权人同意报装证明材料吗","14,48"
2675,"需要带租赁协议复印件吗,请问要由所在乡、镇或乡镇以上级别政府部门根据所辖权限开据证明吗","14,49"
2676,"需要带房产证吗,是国家优惠电价","14,50"
2682,"需要带租赁协议复印件吗,要政府有关部门核发的资质证明和公益证明（学校、养老院、居委会等）吗","14,51"
2687,"需要带租赁协议复印件吗,要带项目立项及批复吗","14,52"
2690,"需要带租赁协议复印件吗,要上级批准文件、立项批准文件吗","14,53"
2692,"需要带房产证吗,要规划立项","14,54"
2694,"需要带房产证吗,要建设工程规划许可证及附件吗","14,55"
2697,"需要带租赁协议复印件吗,我需要带建设工程规划许可证及附件吗","14,55"
2701,"需要带租赁协议复印件吗,我是做钢铁的","14,56"
2704,"需要带租赁协议复印件吗,要相关政府部门批准的许可文件包括政府主管部门立项或批复文件，环境评估报告、生产许可证等吗","14,57"
2710,"需要带房产证吗,装表接电具体指什么","14,59"
2711,"需要带房产证吗,装表接电是？","14,59"
2712,"需要带租赁协议复印件吗,装表接电具体指什么","14,59"
2714,"我这算是私人宅基地建筑,需要带政府的批复文件吗","15,16"
2716,"我家属于宅基地,需要带政府的批复文件吗","15,16"
2717,"我家属于宅基地,需要带规划部门的批复文件吗","15,16"
2722,"我这算是私人宅基地建筑,要带企业法定代表人身份证复印件，或法定代表人签章的授权本单位人员的授权委托书及被授权经办人的身份证复印件吗","15,18"
2723,"我这算是私人宅基地建筑,我需要带企业法定代表人身份证复印件，或法定代表人签章的授权本单位人员的授权委托书及被授权经办人的身份证复印件吗","15,18"
2726,"我这算是私人宅基地建筑,要带有效营业执照复印件吗","15,19"
2727,"我这算是私人宅基地建筑,我需要要带有效营业执照复印件吗","15,19"
2730,"我这算是私人宅基地建筑,我是代表公司来的","15,20"
2732,"我家属于宅基地,我是代表公司来的","15,20"
2739,"我这算是私人宅基地建筑,我是代表学校来的","15,22"
2741,"我家属于宅基地,我是代表学校来的","15,22"
2746,"我这算是私人宅基地建筑,我是军队的","15,24"
2752,"我家属于宅基地,要团级及以上证明吗","15,25"
2754,"我这算是私人宅基地建筑,要房产证复印件或租赁协议复印件（出具房产证复印件及同意报装证明）吗","15,26"
2767,"我这算是私人宅基地建筑,我这里是新建的","15,29"
2771,"我这算是私人宅基地建筑,要带立项、规划批复文件吗","15,30"
2772,"我家属于宅基地,要立项、规划批复文件吗","15,30"
2775,"我家属于宅基地,需要带立项文件吗","15,31"
2777,"我这算是私人宅基地建筑,规划批复文件是不是也需要带着？","15,32"
2778,"我家属于宅基地,要带规划批复文件吗","15,32"
2780,"我这算是私人宅基地建筑,是国家优惠价","15,33"
2785,"我这算是私人宅基地建筑,我要带着政府有关部门核发的资质证明和公益证明（学校、养老院、居委会）吗","15,34"
2787,"我家属于宅基地,我要带着政府有关部门核发的资质证明和公益证明（学校、养老院、居委会）吗","15,34"
2795,"我家属于宅基地,装接电表是？","15,36"
2796,"我这算是私人宅基地建筑,高压","15,37"
2800,"我这算是私人宅基地建筑,要主体证明吗","15,38"
2805,"我这算是私人宅基地建筑,我代表公司来的","15,39"
2808,"我这算是私人宅基地建筑,我是机关事业单位的","15,40"
2810,"我家属于宅基地,我是机关事业单位的","15,40"
2814,"我家属于宅基地,要企业法定代表人身份证复印件，或法定代表人签章的授权本单位人员的授权委托书及被授权经办的身份证复印件吗","15,41"
2815,"我家属于宅基地,要带着企业法定代表人身份证复印件，或法定代表人签章的授权本单位人员的授权委托书及被授权经办的身份证复印件吗","15,41"
2816,"我这算是私人宅基地建筑,要报装申请资料吗","15,42"
2819,"我家属于宅基地,需不需要报装申请资料","15,42"
2821,"我这算是私人宅基地建筑,需要带着客户用电报装申请书、客户用电设备信息登记表（动力、照明）吗","15,43"
2823,"我家属于宅基地,需要带着客户用电报装申请书、客户用电设备信息登记表（动力、照明）吗","15,43"
2827,"我家属于宅基地,要房屋产权证明嘛","15,44"
2829,"我这算是私人宅基地建筑,是我租的房子","15,45"
2835,"我家属于宅基地,我需要带着租赁协议复印件及产权人同意报装证明材料吗","15,46"
2838,"我家属于宅基地,要合法的土地使用证明吗","15,47"
2840,"我这算是私人宅基地建筑,要土地租赁协议及产权人同意报装证明材料吗","15,48"
2843,"我家属于宅基地,要带着土地租赁协议及产权人同意报装证明材料吗","15,48"
2847,"我家属于宅基地,请问要由所在乡、镇或乡镇以上级别政府部门根据所辖权限开据证明吗","15,49"
2848,"我这算是私人宅基地建筑,是国家优惠电价","15,50"
2850,"我家属于宅基地,是国家优惠电价","15,50"
2851,"我家属于宅基地,当时电价有打折","15,50"
2853,"我这算是私人宅基地建筑,我要带着政府有关部门核发的资质证明和公益证明（学校、养老院、居委会等）吗","15,51"
2858,"我家属于宅基地,要项目立项及批复吗","15,52"
2861,"我这算是私人宅基地建筑,要上级批准文件吗","15,53"
2862,"我家属于宅基地,要上级批准文件、立项批准文件吗","15,53"
2865,"我家属于宅基地,要规划立项","15,54"
2867,"我这算是私人宅基地建筑,我需要带建设工程规划许可证及附件吗","15,55"
2869,"我家属于宅基地,我需要带建设工程规划许可证及附件吗","15,55"
2873,"我家属于宅基地,我是做钢铁的","15,56"
2874,"我这算是私人宅基地建筑,要相关政府部门批准的许可文件包括政府主管部门立项或批复文件，环境评估报告、生产许可证等吗","15,57"
2875,"我这算是私人宅基地建筑,我需要带相关政府部门批准的许可文件包括政府主管部门立项或批复文件，环境评估报告、生产许可证等吗","15,57"
2882,"我这算是私人宅基地建筑,装表接电具体指什么","15,59"
2883,"我这算是私人宅基地建筑,装表接电是？","15,59"
2886,"需要带政府的批复文件吗,我是非居民","16,17"
2887,"需要带政府的批复文件吗,我不是居民","16,17"
2890,"需要带政府的批复文件吗,要带企业法定代表人身份证复印件，或法定代表人签章的授权本单位人员的授权委托书及被授权经办人的身份证复印件吗","16,18"
2893,"需要带规划部门的批复文件吗,我需要带企业法定代表人身份证复印件，或法定代表人签章的授权本单位人员的授权委托书及被授权经办人的身份证复印件吗","16,18"
2894,"需要带政府的批复文件吗,要带有效营业执照复印件吗","16,19"
2900,"需要带规划部门的批复文件吗,我是代表公司来的","16,20"
2901,"需要带规划部门的批复文件吗,我是代表我们公司来的","16,20"
2903,"需要带政府的批复文件吗,我需要要带有业执照复印件吗","16,21"
2907,"需要带政府的批复文件吗,我是代表学校来的","16,22"
2909,"需要带规划部门的批复文件吗,我是代表学校来的","16,22"
2914,"需要带政府的批复文件吗,我是军队的","16,24"
2919,"需要带政府的批复文件吗,是不是需要团级及以上证明","16,25"
2920,"需要带规划部门的批复文件吗,要团级及以上证明吗","16,25"
2926,"需要带政府的批复文件吗,我在我们村里办电","16,27"
2929,"需要带规划部门的批复文件吗,我家是农村的","16,27"
2934,"需要带政府的批复文件吗,我这里是新盖的","16,29"
2939,"需要带政府的批复文件吗,要带立项、规划批复文件吗","16,30"
2940,"需要带规划部门的批复文件吗,要立项、规划批复文件吗","16,30"
2942,"需要带政府的批复文件吗,需要带立项文件吗","16,31"
2943,"需要带规划部门的批复文件吗,需要带立项文件吗","16,31"
2949,"需要带政府的批复文件吗,国家给了优惠","16,33"
2950,"需要带规划部门的批复文件吗,是国家优惠价","16,33"
2953,"需要带政府的批复文件吗,我要带着政府有关部门核发的资质证明和公益证明（学校、养老院、居委会）吗","16,34"
2957,"需要带政府的批复文件吗,外部工程施工指什么","16,35"
2959,"需要带规划部门的批复文件吗,外部工程施工指什么","16,35"
2963,"需要带规划部门的批复文件吗,装接电表是？","16,36"
2965,"需要带政府的批复文件吗,我是高压用户","16,37"
2967,"需要带规划部门的批复文件吗,我是高压用户","16,37"
2974,"需要带规划部门的批复文件吗,我属于企业","16,39"
2975,"需要带规划部门的批复文件吗,我代表公司来的","16,39"
2977,"需要带政府的批复文件吗,我是代表机关事业单位来的","16,40"
2978,"需要带规划部门的批复文件吗,我是机关事业单位的","16,40"
2980,"需要带政府的批复文件吗,要企业法定代表人身份证复印件，或法定代表人签章的授权本单位人员的授权委托书及被授权经办的身份证复印件吗","16,41"
2986,"需要带规划部门的批复文件吗,要报装申请资料吗","16,42"
3002,"需要带规划部门的批复文件吗,要租赁协议复印件及产权人同意报装证明材料吗","16,46"
3006,"需要带规划部门的批复文件吗,要合法的土地使用证明吗","16,47"
3017,"需要带政府的批复文件吗,当时电价有打折","16,50"
3018,"需要带规划部门的批复文件吗,是国家优惠电价","16,50"
3023,"需要带规划部门的批复文件吗,我要带着政府有关部门核发的资质证明和公益证明（学校、养老院、居委会等）吗","16,51"
3024,"需要带政府的批复文件吗,要项目立项及批复吗","16,52"
3028,"需要带政府的批复文件吗,要上级批准文件、立项批准文件吗","16,53"
3030,"需要带规划部门的批复文件吗,要上级批准文件、立项批准文件吗","16,53"
3033,"需要带规划部门的批复文件吗,要规划立项","16,54"
3035,"需要带政府的批复文件吗,我需要带建设工程规划许可证及附件吗","16,55"
3037,"需要带规划部门的批复文件吗,我需要带建设工程规划许可证及附件吗","16,55"
3039,"需要带政府的批复文件吗,我是做钢铁的","16,56"
3041,"需要带规划部门的批复文件吗,我是做钢铁的","16,56"
3044,"需要带规划部门的批复文件吗,要相关政府部门批准的许可文件包括政府主管部门立项或批复文件，环境评估报告、生产许可证等吗","16,57"
3046,"需要带政府的批复文件吗,方案答复具体指什么","16,58"
3048,"需要带规划部门的批复文件吗,方案答复具体指什么","16,58"
3056,"我不是居民,要带企业法定代表人身份证复印件，或法定代表人签章的授权本单位人员的授权委托书及被授权经办人的身份证复印件吗","17,18"
3058,"我是非居民,要带有效营业执照复印件吗","17,19"
3062,"我是非居民,我是代表公司来的","17,20"
3063,"我是非居民,我是代表我们公司来的","17,20"
3065,"我不是居民,我是代表我们公司来的","17,20"
3069,"我不是居民,我需要要带有业执照复印件吗","17,21"
3070,"我是非居民,我是机关事业单位的","17,40"
3071,"我是非居民,我是代表学校来的","17,22"
3077,"我不是居民,要带事业法人证书或组织机构代码证复印件吗","17,23"
3078,"我是非居民,我是军队的","17,24"
3090,"我是非居民,我在我们村里办电","17,27"
3094,"我是非居民,要乡镇及以上政府或规划部门的批复文件吗","17,28"
3097,"我不是居民,需不需要乡镇及以上政府或规划部门的批复文件","17,28"
3099,"我是非居民,我这里是新建的","17,29"
3102,"我是非居民,要立项、规划批复文件吗","17,30"
3105,"我不是居民,要带立项、规划批复文件吗","17,30"
3106,"我是非居民,需要带立项文件吗","17,31"
3108,"我是非居民,要带规划批复文件吗","17,32"
3112,"我是非居民,是国家优惠价","17,33"
3113,"我是非居民,国家给了优惠","17,33"
3114,"我不是居民,是国家优惠价","17,33"
3120,"我是非居民,外部工程施工具体指什么","17,35"
3122,"我不是居民,外部工程施工具体指什么","17,35"
3125,"我是非居民,装接电表是？","17,36"
3126,"我不是居民,装接电表具体指什么","17,36"
3127,"我不是居民,装接电表是？","17,36"
3134,"我不是居民,要主体证明吗","17,38"
3139,"我不是居民,我代表公司来的","17,39"
3142,"我不是居民,我是机关事业单位的","17,40"
3145,"我是非居民,要带着企业法定代表人身份证复印件，或法定代表人签章的授权本单位人员的授权委托书及被授权经办的身份证复印件吗","17,41"
3160,"我是非居民,这房子是我租的","17,45"
3163,"我不是居民,是我租的房子","17,45"
3166,"我不是居民,要租赁协议复印件及产权人同意报装证明材料吗","17,46"
3172,"我是非居民,要土地租赁协议及产权人同意报装证明材料吗","17,48"
3174,"我不是居民,要土地租赁协议及产权人同意报装证明材料吗","17,48"
3177,"我是非居民,请问要由所在乡、镇或乡镇以上级别政府部门根据所辖权限开据证明吗","17,49"
3179,"我不是居民,请问要由所在乡、镇或乡镇以上级别政府部门根据所辖权限开据证明吗","17,49"
3185,"我是非居民,我要带着政府有关部门核发的资质证明和公益证明（学校、养老院、居委会等）吗","17,51"
3194,"我不是居民,要上级批准文件、立项批准文件吗","17,53"
3195,"我不是居民,要上级批准文件吗","17,53"
3202,"我是非居民,我属于钢铁、电解铝、铁合金、水泥、电石、烧碱、黄磷、锌冶炼高耗能等特殊行业客户","17,56"
3211,"我是非居民,方案答复这一步我需要做什么？","17,58"
3213,"我不是居民,方案答复这一步我需要做什么？","17,58"
3214,"我是非居民,装表接电具体指什么","17,59"
3216,"我不是居民,装表接电具体指什么","17,59"
3218,"要带企业法定代表人身份证复印件，或法定代表人签章的授权本单位人员的授权委托书及被授权经办人的身份证复印件吗,要带有效营业执照复印件吗","18,19"
3219,"要带企业法定代表人身份证复印件，或法定代表人签章的授权本单位人员的授权委托书及被授权经办人的身份证复印件吗,我需要要带有效营业执照复印件吗","18,19"
3220,"我需要带企业法定代表人身份证复印件，或法定代表人签章的授权本单位人员的授权委托书及被授权经办人的身份证复印件吗,要带有效营业执照复印件吗","18,19"
3226,"要带企业法定代表人身份证复印件，或法定代表人签章的授权本单位人员的授权委托书及被授权经办人的身份证复印件吗,要带营业执照复印件吗","18,21"
3227,"要带企业法定代表人身份证复印件，或法定代表人签章的授权本单位人员的授权委托书及被授权经办人的身份证复印件吗,我需要要带有业执照复印件吗","18,21"
3229,"我需要带企业法定代表人身份证复印件，或法定代表人签章的授权本单位人员的授权委托书及被授权经办人的身份证复印件吗,我需要要带有业执照复印件吗","18,21"
3231,"要带企业法定代表人身份证复印件，或法定代表人签章的授权本单位人员的授权委托书及被授权经办人的身份证复印件吗,我是代表学校来的","18,22"
3232,"我需要带企业法定代表人身份证复印件，或法定代表人签章的授权本单位人员的授权委托书及被授权经办人的身份证复印件吗,我是机关事业单位的","18,40"
3236,"我需要带企业法定代表人身份证复印件，或法定代表人签章的授权本单位人员的授权委托书及被授权经办人的身份证复印件吗,要事业法人证书或组织机构代码证复印件吗","18,23"
3237,"我需要带企业法定代表人身份证复印件，或法定代表人签章的授权本单位人员的授权委托书及被授权经办人的身份证复印件吗,要带事业法人证书或组织机构代码证复印件吗","18,23"
3240,"我需要带企业法定代表人身份证复印件，或法定代表人签章的授权本单位人员的授权委托书及被授权经办人的身份证复印件吗,我是军队的","18,24"
3243,"要带企业法定代表人身份证复印件，或法定代表人签章的授权本单位人员的授权委托书及被授权经办人的身份证复印件吗,是不是需要团级及以上证明","18,25"
3244,"我需要带企业法定代表人身份证复印件，或法定代表人签章的授权本单位人员的授权委托书及被授权经办人的身份证复印件吗,要团级及以上证明吗","18,25"
3249,"我需要带企业法定代表人身份证复印件，或法定代表人签章的授权本单位人员的授权委托书及被授权经办人的身份证复印件吗,需要带房产证复印件或租赁协议复印件（出具房产证复印件及同意报装证明）吗","18,26"
3256,"我需要带企业法定代表人身份证复印件，或法定代表人签章的授权本单位人员的授权委托书及被授权经办人的身份证复印件吗,要乡镇及以上政府或规划部门的批复文件吗","18,28"
3262,"要带企业法定代表人身份证复印件，或法定代表人签章的授权本单位人员的授权委托书及被授权经办人的身份证复印件吗,要立项、规划批复文件吗","18,30"
3265,"我需要带企业法定代表人身份证复印件，或法定代表人签章的授权本单位人员的授权委托书及被授权经办人的身份证复印件吗,要带立项、规划批复文件吗","18,30"
3266,"要带企业法定代表人身份证复印件，或法定代表人签章的授权本单位人员的授权委托书及被授权经办人的身份证复印件吗,需要带立项文件吗","18,31"
3270,"我需要带企业法定代表人身份证复印件，或法定代表人签章的授权本单位人员的授权委托书及被授权经办人的身份证复印件吗,要带规划批复文件吗","18,32"
3271,"我需要带企业法定代表人身份证复印件，或法定代表人签章的授权本单位人员的授权委托书及被授权经办人的身份证复印件吗,规划批复文件是不是也需要带着？","18,32"
3275,"我需要带企业法定代表人身份证复印件，或法定代表人签章的授权本单位人员的授权委托书及被授权经办人的身份证复印件吗,国家给了优惠","18,33"
3276,"要带企业法定代表人身份证复印件，或法定代表人签章的授权本单位人员的授权委托书及被授权经办人的身份证复印件吗,要政府有关部门核发的资质证明和公益证明（学校、养老院、居委会）吗","18,34"
3277,"要带企业法定代表人身份证复印件，或法定代表人签章的授权本单位人员的授权委托书及被授权经办人的身份证复印件吗,我要带着政府有关部门核发的资质证明和公益证明（学校、养老院、居委会）吗","18,34"
3282,"我需要带企业法定代表人身份证复印件，或法定代表人签章的授权本单位人员的授权委托书及被授权经办人的身份证复印件吗,外部工程施工具体指什么","18,35"
3285,"要带企业法定代表人身份证复印件，或法定代表人签章的授权本单位人员的授权委托书及被授权经办人的身份证复印件吗,装接电表是？","18,36"
3288,"要带企业法定代表人身份证复印件，或法定代表人签章的授权本单位人员的授权委托书及被授权经办人的身份证复印件吗,高压","18,37"
3292,"要带企业法定代表人身份证复印件，或法定代表人签章的授权本单位人员的授权委托书及被授权经办人的身份证复印件吗,要主体证明吗","18,38"
3295,"我需要带企业法定代表人身份证复印件，或法定代表人签章的授权本单位人员的授权委托书及被授权经办人的身份证复印件吗,是不是也要主体证明","18,38"
3297,"要带企业法定代表人身份证复印件，或法定代表人签章的授权本单位人员的授权委托书及被授权经办人的身份证复印件吗,我代表公司来的","18,39"
3298,"我需要带企业法定代表人身份证复印件，或法定代表人签章的授权本单位人员的授权委托书及被授权经办人的身份证复印件吗,我属于企业","18,39"
3299,"我需要带企业法定代表人身份证复印件，或法定代表人签章的授权本单位人员的授权委托书及被授权经办人的身份证复印件吗,我代表公司来的","18,39"
3300,"要带企业法定代表人身份证复印件，或法定代表人签章的授权本单位人员的授权委托书及被授权经办人的身份证复印件吗,我是机关事业单位的","18,40"
3302,"我需要带企业法定代表人身份证复印件，或法定代表人签章的授权本单位人员的授权委托书及被授权经办人的身份证复印件吗,我是机关事业单位的","18,40"
3303,"我需要带企业法定代表人身份证复印件，或法定代表人签章的授权本单位人员的授权委托书及被授权经办人的身份证复印件吗,我是代表机关事业单位来的","18,40"
3309,"要带企业法定代表人身份证复印件，或法定代表人签章的授权本单位人员的授权委托书及被授权经办人的身份证复印件吗,需不需要报装申请资料","18,42"
3313,"要带企业法定代表人身份证复印件，或法定代表人签章的授权本单位人员的授权委托书及被授权经办人的身份证复印件吗,需要带着客户用电报装申请书、客户用电设备信息登记表（动力、照明）吗","18,43"
3324,"要带企业法定代表人身份证复印件，或法定代表人签章的授权本单位人员的授权委托书及被授权经办人的身份证复印件吗,要租赁协议复印件及产权人同意报装证明材料吗","18,46"
3326,"我需要带企业法定代表人身份证复印件，或法定代表人签章的授权本单位人员的授权委托书及被授权经办人的身份证复印件吗,要租赁协议复印件及产权人同意报装证明材料吗","18,46"
3327,"我需要带企业法定代表人身份证复印件，或法定代表人签章的授权本单位人员的授权委托书及被授权经办人的身份证复印件吗,需要带着租赁协议复印件及产权人同意报装证明材料吗","18,46"
3333,"要带企业法定代表人身份证复印件，或法定代表人签章的授权本单位人员的授权委托书及被授权经办人的身份证复印件吗,要带着土地租赁协议及产权人同意报装证明材料吗","18,48"
3335,"我需要带企业法定代表人身份证复印件，或法定代表人签章的授权本单位人员的授权委托书及被授权经办人的身份证复印件吗,要带着土地租赁协议及产权人同意报装证明材料吗","18,48"
3338,"我需要带企业法定代表人身份证复印件，或法定代表人签章的授权本单位人员的授权委托书及被授权经办人的身份证复印件吗,要由所在乡、镇或乡镇以上级别政府部门根据所辖权限开据证明吗","18,49"
3340,"要带企业法定代表人身份证复印件，或法定代表人签章的授权本单位人员的授权委托书及被授权经办人的身份证复印件吗,是国家优惠电价","18,50"
3346,"我需要带企业法定代表人身份证复印件，或法定代表人签章的授权本单位人员的授权委托书及被授权经办人的身份证复印件吗,要政府有关部门核发的资质证明和公益证明（学校、养老院、居委会等）吗","18,51"
3347,"我需要带企业法定代表人身份证复印件，或法定代表人签章的授权本单位人员的授权委托书及被授权经办人的身份证复印件吗,要带着政府有关部门核发的资质证明和公益证明（学校、养老院、居委会等）吗","18,51"
3352,"要带企业法定代表人身份证复印件，或法定代表人签章的授权本单位人员的授权委托书及被授权经办人的身份证复印件吗,要上级批准文件、立项批准文件吗","18,53"
3357,"我需要带企业法定代表人身份证复印件，或法定代表人签章的授权本单位人员的授权委托书及被授权经办人的身份证复印件吗,要规划立项","18,54"
3360,"我需要带企业法定代表人身份证复印件，或法定代表人签章的授权本单位人员的授权委托书及被授权经办人的身份证复印件吗,要建设工程规划许可证及附件吗","18,55"
3361,"我需要带企业法定代表人身份证复印件，或法定代表人签章的授权本单位人员的授权委托书及被授权经办人的身份证复印件吗,需要带建设工程规划许可证及附件吗","18,55"
3362,"要带企业法定代表人身份证复印件，或法定代表人签章的授权本单位人员的授权委托书及被授权经办人的身份证复印件吗,我属于钢铁、电解铝、铁合金、水泥、电石、烧碱、黄磷、锌冶炼高耗能等特殊行业客户","18,56"
3363,"要带企业法定代表人身份证复印件，或法定代表人签章的授权本单位人员的授权委托书及被授权经办人的身份证复印件吗,我是做钢铁的","18,56"
3365,"我需要带企业法定代表人身份证复印件，或法定代表人签章的授权本单位人员的授权委托书及被授权经办人的身份证复印件吗,我是做钢铁的","18,56"
3369,"我需要带企业法定代表人身份证复印件，或法定代表人签章的授权本单位人员的授权委托书及被授权经办人的身份证复印件吗,需要带相关政府部门批准的许可文件包括政府主管部门立项或批复文件，环境评估报告、生产许可证等吗","18,57"
3370,"要带企业法定代表人身份证复印件，或法定代表人签章的授权本单位人员的授权委托书及被授权经办人的身份证复印件吗,方案答复具体指什么","18,58"
3372,"我需要带企业法定代表人身份证复印件，或法定代表人签章的授权本单位人员的授权委托书及被授权经办人的身份证复印件吗,方案答复具体指什么","18,58"
3374,"要带企业法定代表人身份证复印件，或法定代表人签章的授权本单位人员的授权委托书及被授权经办人的身份证复印件吗,装表接电具体指什么","18,59"
3378,"要带有效营业执照复印件吗,我是代表公司来的","19,20"
3379,"要带有效营业执照复印件吗,我是代表我们公司来的","19,20"
3386,"要带有效营业执照复印件吗,我是机关事业单位的","19,40"
3394,"要带有效营业执照复印件吗,我是军队的","19,24"
3402,"要带有效营业执照复印件吗,要房产证复印件或租赁协议复印件（出具房产证复印件及同意报装证明）吗","19,26"
3403,"要带有效营业执照复印件吗,我需要带房产证复印件或租赁协议复印件（出具房产证复印件及同意报装证明）吗","19,26"
3404,"我需要要带有效营业执照复印件吗,要房产证复印件或租赁协议复印件（出具房产证复印件及同意报装证明）吗","19,26"
3405,"我需要要带有效营业执照复印件和房产证复印件或租赁协议复印件（出具房产证复印件及同意报装证明）吗","19,26"
3411,"要带有效营业执照复印件吗,需不需要乡镇及以上政府或规划部门的批复文件","19,28"
3412,"我需要要带有效营业执照复印件吗,要乡镇及以上政府或规划部门的批复文件吗","19,28"
3413,"我需要要带有效营业执照复印件吗,需不需要乡镇及以上政府或规划部门的批复文件","19,28"
3414,"要带有效营业执照复印件吗,我这里是新盖的","19,29"
3422,"要带有效营业执照复印件吗,需要带立项文件吗","19,31"
3423,"我需要要带有效营业执照复印件吗,需要带立项文件吗","19,31"
3427,"我需要要带有效营业执照复印件吗,规划批复文件是不是也需要带着？","19,32"
3429,"要带有效营业执照复印件吗,国家给了优惠","19,33"
3431,"我需要要带有效营业执照复印件吗,国家给了优惠","19,33"
3436,"要带有效营业执照复印件吗,外部工程施工具体指什么","19,35"
3438,"我需要要带有效营业执照复印件吗,外部工程施工具体指什么","19,35"
3441,"要带有效营业执照复印件吗,装接电表是？","19,36"
3442,"我需要要带有效营业执照复印件吗,装接电表具体指什么","19,36"
3447,"我需要要带有效营业执照复印件吗,我是高压用户","19,37"
3450,"我需要要带有效营业执照复印件吗,要主体证明吗","19,38"
3457,"要带有效营业执照复印件吗,我是代表机关事业单位来的","19,40"
3460,"要带有效营业执照复印件吗,要企业法定代表人身份证复印件，或法定代表人签章的授权本单位人员的授权委托书及被授权经办的身份证复印件吗","19,41"
3463,"我需要要带有效营业执照复印件吗,要带着企业法定代表人身份证复印件，或法定代表人签章的授权本单位人员的授权委托书及被授权经办的身份证复印件吗","19,41"
3471,"我需要要带有效营业执照复印件吗,需要带着客户用电报装申请书、客户用电设备信息登记表（动力、照明）吗","19,43"
3473,"要带有效营业执照复印件吗,要房屋产权证明嘛","19,44"
3474,"我需要要带有效营业执照复印件吗,要房屋产权证明吗","19,44"
3476,"要带有效营业执照复印件吗,这房子是我租的","19,45"
3477,"要带有效营业执照复印件吗,是我租的房子","19,45"
3478,"我需要要带有效营业执照复印件吗,这房子是我租的","19,45"
3480,"要带有效营业执照复印件吗,要租赁协议复印件及产权人同意报装证明材料吗","19,46"
3484,"要带有效营业执照复印件吗,要合法的土地使用证明吗","19,47"
3489,"要带有效营业执照复印件吗,要带着土地租赁协议及产权人同意报装证明材料吗","19,48"
3491,"我需要要带有效营业执照复印件吗,要带着土地租赁协议及产权人同意报装证明材料吗","19,48"
3493,"要带有效营业执照复印件吗,请问要由所在乡、镇或乡镇以上级别政府部门根据所辖权限开据证明吗","19,49"
3496,"要带有效营业执照复印件吗,是国家优惠电价","19,50"
3500,"要带有效营业执照复印件吗,要政府有关部门核发的资质证明和公益证明（学校、养老院、居委会等）吗","19,51"
3507,"我需要要带有效营业执照复印件吗,要带项目立项及批复吗","19,52"
3510,"我需要要带有效营业执照复印件吗,要上级批准文件、立项批准文件吗","19,53"
3512,"要带有效营业执照复印件吗,要规划立项","19,54"
3514,"要带有效营业执照复印件吗,要建设工程规划许可证及附件吗","19,55"
3515,"要带有效营业执照复印件吗,我需要带建设工程规划许可证及附件吗","19,55"
3516,"我需要要带有效营业执照复印件吗,要建设工程规划许可证及附件吗","19,55"
3519,"要带有效营业执照复印件吗,我是做钢铁的","19,56"
3521,"我需要要带有效营业执照复印件吗,我是做钢铁的","19,56"
3535,"我是代表公司来的,我需要要带有业执照复印件吗","20,21"
3541,"我是代表我们公司来的,我是代表学校来的","20,22"
3544,"我是代表我们公司来的,要事业法人证书或组织机构代码证复印件吗","20,23"
3550,"我是代表公司来的,要团级及以上证明吗","20,25"
3553,"我是代表我们公司来的,是不是需要团级及以上证明","20,25"
3554,"我是代表公司来的,要房产证复印件或租赁协议复印件（出具房产证复印件及同意报装证明）吗","20,26"
3557,"我是代表我们公司来的,我需要带房产证复印件或租赁协议复印件（出具房产证复印件及同意报装证明）吗","20,26"
3571,"我是代表公司来的,要带立项、规划批复文件吗","20,30"
3579,"我是代表我们公司来的,规划批复文件是不是也需要带着？","20,32"
3586,"我是代表我们公司来的,要政府有关部门核发的资质证明和公益证明（学校、养老院、居委会）吗","20,34"
3588,"我是代表公司来的,外部工程施工具体指什么","20,35"
3590,"我是代表我们公司来的,外部工程施工具体指什么","20,35"
3591,"我是代表我们公司来的,外部工程施工指什么","20,35"
3592,"我是代表公司来的,装接电表具体指什么","20,36"
3593,"我是代表公司来的,装接电表是？","20,36"
3594,"我是代表我们公司来的,装接电表具体指什么","20,36"
3596,"我是代表公司来的,高压","20,37"
3603,"我是代表我们公司来的,是不是也要主体证明","20,38"
3618,"我是代表我们公司来的,要报装申请资料吗","20,42"
3620,"我是代表公司来的,要客户用电报装申请书、客户用电设备信息登记表（动力、照明）吗","20,43"
3629,"我是代表公司来的,是我租的房子","20,45"
3635,"我是代表我们公司来的,需要带着租赁协议复印件及产权人同意报装证明材料吗","20,46"
3637,"我是代表公司来的,要合法的土地使用证明吗","20,47"
3638,"我是代表我们公司来的,要合法的土地使用证明吗","20,47"
3651,"我是代表我们公司来的,当时电价有打折","20,50"
3652,"我是代表公司来的,要政府有关部门核发的资质证明和公益证明（学校、养老院、居委会等）吗","20,51"
3660,"我是代表公司来的,要上级批准文件、立项批准文件吗","20,53"
3663,"我是代表我们公司来的,要上级批准文件吗","20,53"
3665,"我是代表我们公司来的,要规划立项","20,54"
3666,"我是代表公司来的,要建设工程规划许可证及附件吗","20,55"
3669,"我是代表我们公司来的,需要带建设工程规划许可证及附件吗","20,55"
3674,"我是代表公司来的,要相关政府部门批准的许可文件包括政府主管部门立项或批复文件，环境评估报告、生产许可证等吗","20,57"
3676,"我是代表我们公司来的,要相关政府部门批准的许可文件包括政府主管部门立项或批复文件，环境评估报告、生产许可证等吗","20,57"
3678,"我是代表公司来的,方案答复具体指什么","20,58"
3682,"我是代表公司来的,装表接电具体指什么","20,59"
3683,"我是代表公司来的,装表接电是？","20,59"
3687,"要带营业执照复印件吗,我是代表学校来的","21,22"
3689,"我需要要带有业执照复印件吗,我是代表学校来的","21,22"
3693,"我需要要带有业执照复印件吗,要带事业法人证书或组织机构代码证复印件吗","21,23"
3697,"我需要要带有业执照复印件吗,我是军队的","21,24"
3699,"要带营业执照复印件吗,是不是需要团级及以上证明","21,25"
3711,"要带营业执照复印件吗,需不需要乡镇及以上政府或规划部门的批复文件","21,28"
3712,"我需要要带有业执照复印件吗,要乡镇及以上政府或规划部门的批复文件吗","21,28"
3715,"要带营业执照复印件吗,我这里是新建的","21,29"
3717,"我需要要带有业执照复印件吗,我这里是新建的","21,29"
3720,"我需要要带有业执照复印件吗,要立项、规划批复文件吗","21,30"
3722,"要带营业执照复印件吗,需要带立项文件吗","21,31"
3723,"我需要要带有业执照复印件吗,需要带立项文件吗","21,31"
3728,"要带营业执照复印件吗,是国家优惠价","21,33"
3729,"要带营业执照复印件吗,国家给了优惠","21,33"
3730,"我需要要带有业执照复印件吗,是国家优惠价","21,33"
3731,"我需要要带有业执照复印件吗,国家给了优惠","21,33"
3732,"要带营业执照复印件吗,要政府有关部门核发的资质证明和公益证明（学校、养老院、居委会）吗","21,34"
3741,"要带营业执照复印件吗,装接电表是？","21,36"
3742,"我需要要带有业执照复印件吗,装接电表具体指什么","21,36"
3746,"我需要要带有业执照复印件吗,高压","21,37"
3748,"要带营业执照复印件吗,要主体证明吗","21,38"
3752,"要带营业执照复印件吗,我属于企业","21,39"
3755,"我需要要带有业执照复印件吗,我代表公司来的","21,39"
3758,"我需要要带有业执照复印件吗,我是机关事业单位的","21,40"
3759,"我需要要带有业执照复印件吗,我是代表机关事业单位来的","21,40"
3761,"要带营业执照复印件吗,要带着企业法定代表人身份证复印件，或法定代表人签章的授权本单位人员的授权委托书及被授权经办的身份证复印件吗","21,41"
3762,"我需要要带有业执照复印件吗,要企业法定代表人身份证复印件，或法定代表人签章的授权本单位人员的授权委托书及被授权经办的身份证复印件吗","21,41"
3768,"要带营业执照复印件吗,要客户用电报装申请书、客户用电设备信息登记表（动力、照明）吗","21,43"
3770,"我需要要带有业执照复印件吗,要客户用电报装申请书、客户用电设备信息登记表（动力、照明）吗","21,43"
3771,"我需要要带有业执照复印件吗,需要带着客户用电报装申请书、客户用电设备信息登记表（动力、照明）吗","21,43"
3773,"要带营业执照复印件吗,要房屋产权证明嘛","21,44"
3785,"要带营业执照复印件吗,要合法的土地使用证明吗","21,47"
3788,"要带营业执照复印件吗,要土地租赁协议及产权人同意报装证明材料吗","21,48"
3791,"我需要要带有业执照复印件吗,要带着土地租赁协议及产权人同意报装证明材料吗","21,48"
3792,"要带营业执照复印件吗,要由所在乡、镇或乡镇以上级别政府部门根据所辖权限开据证明吗","21,49"
3796,"要带营业执照复印件吗,是国家优惠电价","21,50"
3797,"要带营业执照复印件吗,当时电价有打折","21,50"
3799,"我需要要带有业执照复印件吗,当时电价有打折","21,50"
3801,"要带营业执照复印件吗,我要带着政府有关部门核发的资质证明和公益证明（学校、养老院、居委会等）吗","21,51"
3803,"我需要要带有业执照复印件吗,我要带着政府有关部门核发的资质证明和公益证明（学校、养老院、居委会等）吗","21,51"
3805,"要带营业执照复印件吗,要带项目立项及批复吗","21,52"
3806,"我需要要带有业执照复印件吗,要项目立项及批复吗","21,52"
3808,"要带营业执照复印件吗,要上级批准文件、立项批准文件吗","21,53"
3813,"我需要要带有业执照复印件吗,要规划立项","21,54"
3815,"要带营业执照复印件吗,我需要带建设工程规划许可证及附件吗","21,55"
3821,"我需要要带有业执照复印件吗,我是做钢铁的","21,56"
3822,"要带营业执照复印件吗,要相关政府部门批准的许可文件包括政府主管部门立项或批复文件，环境评估报告、生产许可证等吗","21,57"
3823,"要带营业执照复印件吗,我需要带相关政府部门批准的许可文件包括政府主管部门立项或批复文件，环境评估报告、生产许可证等吗","21,57"
3827,"要带营业执照复印件吗,方案答复这一步我需要做什么？","21,58"
3828,"我需要要带有业执照复印件吗,方案答复具体指什么","21,58"
3829,"我需要要带有业执照复印件吗,方案答复这一步我需要做什么？","21,58"
3835,"我是机关事业单位的,要带事业法人证书或组织机构代码证复印件吗","40,23"
3837,"我是代表学校来的,要带事业法人证书或组织机构代码证复印件吗","22,23"
3854,"我是机关事业单位的,要乡镇及以上政府或规划部门的批复文件吗","40,28"
3855,"我是机关事业单位的,需不需要乡镇及以上政府或规划部门的批复文件","40,28"
3856,"我是代表学校来的,要乡镇及以上政府或规划部门的批复文件吗","22,28"
3863,"我是机关事业单位的,要带立项、规划批复文件吗","40,30"
3869,"我是机关事业单位的,规划批复文件是不是也需要带着？","40,32"
3870,"我是代表学校来的,要带规划批复文件吗","22,32"
3873,"我是机关事业单位的,国家给了优惠","40,33"
3874,"我是代表学校来的,是国家优惠价","22,33"
3875,"我是代表学校来的,国家给了优惠","22,33"
3880,"我是机关事业单位的,外部工程施工具体指什么","40,35"
3882,"我是代表学校来的,外部工程施工具体指什么","22,35"
3883,"我是代表学校来的,外部工程施工指什么","22,35"
3894,"我是代表学校来的,要主体证明吗","22,38"
3904,"我是机关事业单位的,要企业法定代表人身份证复印件，或法定代表人签章的授权本单位人员的授权委托书及被授权经办的身份证复印件吗","40,41"
3905,"我是机关事业单位的,要带着企业法定代表人身份证复印件，或法定代表人签章的授权本单位人员的授权委托书及被授权经办的身份证复印件吗","40,41"
3915,"我是代表学校来的,需要带着客户用电报装申请书、客户用电设备信息登记表（动力、照明）吗","22,43"
3919,"我是代表学校来的,要房屋产权证明嘛","22,44"
3923,"我是代表学校来的,是我租的房子","22,45"
3925,"我是机关事业单位的,需要带着租赁协议复印件及产权人同意报装证明材料吗","40,46"
3927,"我是代表学校来的,需要带着租赁协议复印件及产权人同意报装证明材料吗","22,46"
3930,"我是代表学校来的,要合法的土地使用证明吗","22,47"
3931,"我是代表学校来的,要合法的土地使用证明吗","22,47"
3932,"我是机关事业单位的,要土地租赁协议及产权人同意报装证明材料吗","40,48"
3935,"我是代表学校来的,要带着土地租赁协议及产权人同意报装证明材料吗","22,48"
3936,"我是机关事业单位的,要由所在乡、镇或乡镇以上级别政府部门根据所辖权限开据证明吗","40,49"
3943,"我是代表学校来的,当时电价有打折","22,50"
3947,"我是代表学校来的,要带着政府有关部门核发的资质证明和公益证明（学校、养老院、居委会等）吗","22,51"
3954,"我是代表学校来的,要上级批准文件、立项批准文件吗","22,53"
3957,"我是代表学校来的,要规划立项","22,54"
3960,"我是代表学校来的,要建设工程规划许可证及附件吗","22,55"
3961,"我是代表学校来的,需要带建设工程规划许可证及附件吗","22,55"
3967,"我是机关事业单位的,需要带相关政府部门批准的许可文件包括政府主管部门立项或批复文件，环境评估报告、生产许可证等吗","40,57"
3971,"我是机关事业单位的,方案答复这一步我需要做什么？","40,58"
3972,"我是代表学校来的,方案答复具体指什么","22,58"
3973,"我是代表学校来的,方案答复这一步我需要做什么？","22,58"
3974,"我是机关事业单位的,装表接电具体指什么","40,59"
3977,"我是代表学校来的,装表接电是？","22,59"
3980,"要带事业法人证书或组织机构代码证复印件吗,我是军队的","23,24"
3981,"要带事业法人证书或组织机构代码证复印件吗,我是军队的","23,24"
3982,"要事业法人证书或组织机构代码证复印件吗,要团级及以上证明吗","23,25"
3984,"要带事业法人证书或组织机构代码证复印件吗,要团级及以上证明吗","23,25"
3988,"要带事业法人证书或组织机构代码证复印件吗,要房产证复印件或租赁协议复印件（出具房产证复印件及同意报装证明）吗","23,26"
3990,"要事业法人证书或组织机构代码证复印件吗,我在我们村里办电","23,27"
3992,"要带事业法人证书或组织机构代码证复印件吗,我在我们村里办电","23,27"
3995,"要事业法人证书或组织机构代码证复印件吗,需不需要乡镇及以上政府或规划部门的批复文件","23,28"
3996,"要带事业法人证书或组织机构代码证复印件吗,要乡镇及以上政府或规划部门的批复文件吗","23,28"
4001,"要带事业法人证书或组织机构代码证复印件吗,我这里是新建的","23,29"
4002,"要事业法人证书或组织机构代码证复印件吗,要立项、规划批复文件吗","23,30"
4007,"要带事业法人证书或组织机构代码证复印件吗,需要带立项文件吗","23,31"
4008,"要事业法人证书或组织机构代码证复印件吗,要带规划批复文件吗","23,32"
4010,"要带事业法人证书或组织机构代码证复印件吗,要带规划批复文件吗","23,32"
4014,"要带事业法人证书或组织机构代码证复印件吗,是国家优惠价","23,33"
4015,"要带事业法人证书或组织机构代码证复印件吗,国家给了优惠","23,33"
4016,"要事业法人证书或组织机构代码证复印件吗,要政府有关部门核发的资质证明和公益证明（学校、养老院、居委会）吗","23,34"
4017,"要事业法人证书或组织机构代码证复印件吗,我要带着政府有关部门核发的资质证明和公益证明（学校、养老院、居委会）吗","23,34"
4019,"要带事业法人证书或组织机构代码证复印件吗,我要带着政府有关部门核发的资质证明和公益证明（学校、养老院、居委会）吗","23,34"
4027,"要带事业法人证书或组织机构代码证复印件吗,装接电表是？","23,36"
4040,"要事业法人证书或组织机构代码证复印件吗,我是机关事业单位的","23,40"
4043,"要带事业法人证书或组织机构代码证复印件吗,我是代表机关事业单位来的","23,40"
4045,"要事业法人证书或组织机构代码证复印件吗,要带着企业法定代表人身份证复印件，或法定代表人签章的授权本单位人员的授权委托书及被授权经办的身份证复印件吗","23,41"
4050,"要带事业法人证书或组织机构代码证复印件吗,要报装申请资料吗","23,42"
4054,"要带事业法人证书或组织机构代码证复印件吗,要客户用电报装申请书、客户用电设备信息登记表（动力、照明）吗","23,43"
4057,"要事业法人证书或组织机构代码证复印件吗,要房屋产权证明嘛","23,44"
4059,"要带事业法人证书或组织机构代码证复印件吗,要房屋产权证明嘛","23,44"
4060,"要事业法人证书或组织机构代码证复印件吗,这房子是我租的","23,45"
4066,"要带事业法人证书或组织机构代码证复印件吗,要租赁协议复印件及产权人同意报装证明材料吗","23,46"
4068,"要事业法人证书或组织机构代码证复印件吗,要合法的土地使用证明吗","23,47"
4072,"要事业法人证书或组织机构代码证复印件吗,要土地租赁协议及产权人同意报装证明材料吗","23,48"
4074,"要带事业法人证书或组织机构代码证复印件吗,要土地租赁协议及产权人同意报装证明材料吗","23,48"
4075,"要带事业法人证书或组织机构代码证复印件吗,要带着土地租赁协议及产权人同意报装证明材料吗","23,48"
4080,"要事业法人证书或组织机构代码证复印件吗,是国家优惠电价","23,50"
4083,"要带事业法人证书或组织机构代码证复印件吗,当时电价有打折","23,50"
4084,"要事业法人证书或组织机构代码证复印件吗,要政府有关部门核发的资质证明和公益证明（学校、养老院、居委会等）吗","23,51"
4089,"要事业法人证书或组织机构代码证复印件吗,要带项目立项及批复吗","23,52"
4097,"要带事业法人证书或组织机构代码证复印件吗,要规划立项","23,54"
4099,"要事业法人证书或组织机构代码证复印件吗,我需要带建设工程规划许可证及附件吗","23,55"
4101,"要带事业法人证书或组织机构代码证复印件吗,我需要带建设工程规划许可证及附件吗","23,55"
4102,"要事业法人证书或组织机构代码证复印件吗,我属于钢铁、电解铝、铁合金、水泥、电石、烧碱、黄磷、锌冶炼高耗能等特殊行业客户","23,56"
4113,"要带事业法人证书或组织机构代码证复印件吗,方案答复这一步我需要做什么？","23,58"
4114,"要事业法人证书或组织机构代码证复印件吗,装表接电具体指什么","23,59"
4125,"我是军队的,需要带房产证复印件或租赁协议复印件（出具房产证复印件及同意报装证明）吗","24,26"
4130,"我是军队的,要乡镇及以上政府或规划部门的批复文件吗","24,28"
4138,"我是军队的,要立项、规划批复文件吗","24,30"
4145,"我是军队的,规划批复文件是不是也需要带着？","24,32"
4146,"我是军队的,要带规划批复文件吗","24,32"
4148,"我是军队的,是国家优惠价","24,33"
4151,"我是军队的,国家给了优惠","24,33"
4152,"我是军队的,要政府有关部门核发的资质证明和公益证明（学校、养老院、居委会）吗","24,34"
4158,"我是军队的,外部工程施工具体指什么","24,35"
4159,"我是军队的,外部工程施工指什么","24,35"
4160,"我是军队的,装接电表具体指什么","24,36"
4161,"我是军队的,装接电表是？","24,36"
4162,"我是军队的,装接电表具体指什么","24,36"
4163,"我是军队的,装接电表是？","24,36"
4171,"我是军队的,是不是也要主体证明","24,38"
4182,"我是军队的,要企业法定代表人身份证复印件，或法定代表人签章的授权本单位人员的授权委托书及被授权经办的身份证复印件吗","24,41"
4188,"我是军队的,要客户用电报装申请书、客户用电设备信息登记表（动力、照明）吗","24,43"
4189,"我是军队的,需要带着客户用电报装申请书、客户用电设备信息登记表（动力、照明）吗","24,43"
4191,"我是军队的,需要带着客户用电报装申请书、客户用电设备信息登记表（动力、照明）吗","24,43"
4194,"我是军队的,要房屋产权证明吗","24,44"
4197,"我是军队的,是我租的房子","24,45"
4205,"我是军队的,要合法的土地使用证明吗","24,47"
4211,"我是军队的,要带着土地租赁协议及产权人同意报装证明材料吗","24,48"
4213,"我是军队的,请问要由所在乡、镇或乡镇以上级别政府部门根据所辖权限开据证明吗","24,49"
4216,"我是军队的,是国家优惠电价","24,50"
4217,"我是军队的,当时电价有打折","24,50"
4218,"我是军队的,是国家优惠电价","24,50"
4226,"我是军队的,要项目立项及批复吗","24,52"
4227,"我是军队的,要带项目立项及批复吗","24,52"
4228,"我是军队的,要上级批准文件、立项批准文件吗","24,53"
4232,"我是军队的,要规划立项","24,54"
4237,"我是军队的,我需要带建设工程规划许可证及附件吗","24,55"
4242,"我是军队的,要相关政府部门批准的许可文件包括政府主管部门立项或批复文件，环境评估报告、生产许可证等吗","24,57"
4248,"我是军队的,方案答复具体指什么","24,58"
4251,"我是军队的,装表接电是？","24,59"
4254,"要团级及以上证明吗,要房产证复印件或租赁协议复印件（出具房产证复印件及同意报装证明）吗","25,26"
4255,"要团级及以上证明吗,我需要带房产证复印件或租赁协议复印件（出具房产证复印件及同意报装证明）吗","25,26"
4266,"要团级及以上证明吗,我这里是新盖的","25,29"
4273,"是不是需要团级及以上证明,要带立项、规划批复文件吗","25,30"
4274,"要团级及以上证明吗,需要带立项文件吗","25,31"
4275,"是不是需要团级及以上证明,需要带立项文件吗","25,31"
4276,"要团级及以上证明吗,要带规划批复文件吗","25,32"
4282,"是不是需要团级及以上证明,是国家优惠价","25,33"
4285,"要团级及以上证明吗,我要带着政府有关部门核发的资质证明和公益证明（学校、养老院、居委会）吗","25,34"
4287,"是不是需要团级及以上证明,我要带着政府有关部门核发的资质证明和公益证明（学校、养老院、居委会）吗","25,34"
4292,"要团级及以上证明吗,装接电表具体指什么","25,36"
4294,"是不是需要团级及以上证明,装接电表具体指什么","25,36"
4299,"是不是需要团级及以上证明,我是高压用户","25,37"
4302,"是不是需要团级及以上证明,要主体证明吗","25,38"
4303,"是不是需要团级及以上证明,是不是也要主体证明","25,38"
4304,"要团级及以上证明吗,我属于企业","25,39"
4308,"要团级及以上证明吗,我是机关事业单位的","25,40"
4309,"要团级及以上证明吗,我是代表机关事业单位来的","25,40"
4312,"要团级及以上证明吗,要企业法定代表人身份证复印件，或法定代表人签章的授权本单位人员的授权委托书及被授权经办的身份证复印件吗","25,41"
4319,"是不是需要团级及以上证明,需不需要报装申请资料","25,42"
4322,"是不是需要团级及以上证明,要客户用电报装申请书、客户用电设备信息登记表（动力、照明）吗","25,43"
4329,"要团级及以上证明吗,是我租的房子","25,45"
4330,"是不是需要团级及以上证明,这房子是我租的","25,45"
4331,"是不是需要团级及以上证明,是我租的房子","25,45"
4334,"是不是需要团级及以上证明,要租赁协议复印件及产权人同意报装证明材料吗","25,46"
4339,"是不是需要团级及以上证明,要合法的土地使用证明吗","25,47"
4348,"要团级及以上证明吗,是国家优惠电价","25,50"
4350,"是不是需要团级及以上证明,是国家优惠电价","25,50"
4352,"要团级及以上证明吗,要政府有关部门核发的资质证明和公益证明（学校、养老院、居委会等）吗","25,51"
4354,"是不是需要团级及以上证明,要政府有关部门核发的资质证明和公益证明（学校、养老院、居委会等）吗","25,51"
4360,"要团级及以上证明吗,要上级批准文件、立项批准文件吗","25,53"
4363,"是不是需要团级及以上证明,要上级批准文件吗","25,53"
4364,"要团级及以上证明吗,要规划立项","25,54"
4365,"是不是需要团级及以上证明,要规划立项","25,54"
4378,"要团级及以上证明吗,方案答复具体指什么","25,58"
4382,"要团级及以上证明吗,装表接电具体指什么","25,59"
4386,"要房产证复印件或租赁协议复印件（出具房产证复印件及同意报装证明）吗,我在我们村里办电","26,27"
4388,"我需要带房产证复印件或租赁协议复印件（出具房产证复印件及同意报装证明）吗,我在我们村里办电","26,27"
4391,"要房产证复印件或租赁协议复印件（出具房产证复印件及同意报装证明）吗,需不需要乡镇及以上政府或规划部门的批复文件","26,28"
4392,"我需要带房产证复印件或租赁协议复印件（出具房产证复印件及同意报装证明）吗,要乡镇及以上政府或规划部门的批复文件吗","26,28"
4396,"我需要带房产证复印件或租赁协议复印件（出具房产证复印件及同意报装证明）吗,我这里是新盖的","26,29"
4402,"要房产证复印件或租赁协议复印件（出具房产证复印件及同意报装证明）吗,需要带立项文件吗","26,31"
4406,"我需要带房产证复印件或租赁协议复印件（出具房产证复印件及同意报装证明）吗,要带规划批复文件吗","26,32"
4408,"要房产证复印件或租赁协议复印件（出具房产证复印件及同意报装证明）吗,是国家优惠价","26,33"
4409,"要房产证复印件或租赁协议复印件（出具房产证复印件及同意报装证明）吗,国家给了优惠","26,33"
4416,"要房产证复印件或租赁协议复印件（出具房产证复印件及同意报装证明）吗,外部工程施工具体指什么","26,35"
4417,"要房产证复印件或租赁协议复印件（出具房产证复印件及同意报装证明）吗,外部工程施工指什么","26,35"
4418,"我需要带房产证复印件或租赁协议复印件（出具房产证复印件及同意报装证明）吗,外部工程施工具体指什么","26,35"
4420,"要房产证复印件或租赁协议复印件（出具房产证复印件及同意报装证明）吗,装接电表具体指什么","26,36"
4423,"我需要带房产证复印件或租赁协议复印件（出具房产证复印件及同意报装证明）吗,装接电表是？","26,36"
4427,"我需要带房产证复印件或租赁协议复印件（出具房产证复印件及同意报装证明）吗,我是高压用户","26,37"
4430,"我需要带房产证复印件或租赁协议复印件（出具房产证复印件及同意报装证明）吗,要主体证明吗","26,38"
4435,"我需要带房产证复印件或租赁协议复印件（出具房产证复印件及同意报装证明）吗,我代表公司来的","26,39"
4438,"我需要带房产证复印件或租赁协议复印件（出具房产证复印件及同意报装证明）吗,我是机关事业单位的","26,40"
4441,"要房产证复印件或租赁协议复印件（出具房产证复印件及同意报装证明）吗,要带着企业法定代表人身份证复印件，或法定代表人签章的授权本单位人员的授权委托书及被授权经办的身份证复印件吗","26,41"
4443,"我需要带房产证复印件或租赁协议复印件（出具房产证复印件及同意报装证明）吗,要带着企业法定代表人身份证复印件，或法定代表人签章的授权本单位人员的授权委托书及被授权经办的身份证复印件吗","26,41"
4444,"要房产证复印件或租赁协议复印件（出具房产证复印件及同意报装证明）吗,要报装申请资料吗","26,42"
4447,"我需要带房产证复印件或租赁协议复印件（出具房产证复印件及同意报装证明）吗,需不需要报装申请资料","26,42"
4450,"我需要带房产证复印件或租赁协议复印件（出具房产证复印件及同意报装证明）吗,要客户用电报装申请书、客户用电设备信息登记表（动力、照明）吗","26,43"
4451,"我需要带房产证复印件或租赁协议复印件（出具房产证复印件及同意报装证明）吗,需要带着客户用电报装申请书、客户用电设备信息登记表（动力、照明）吗","26,43"
4454,"我需要带房产证复印件或租赁协议复印件（出具房产证复印件及同意报装证明）吗,要房屋产权证明吗","26,44"
4456,"要房产证复印件或租赁协议复印件（出具房产证复印件及同意报装证明）吗,这房子是我租的","26,45"
4459,"我需要带房产证复印件或租赁协议复印件（出具房产证复印件及同意报装证明）吗,是我租的房子","26,45"
4461,"要房产证复印件或租赁协议复印件（出具房产证复印件及同意报装证明）吗,我需要带着租赁协议复印件及产权人同意报装证明材料吗","26,46"
4462,"我需要带房产证复印件或租赁协议复印件（出具房产证复印件及同意报装证明）吗,要租赁协议复印件及产权人同意报装证明材料吗","26,46"
4466,"我需要带房产证复印件或租赁协议复印件（出具房产证复印件及同意报装证明）吗,要合法的土地使用证明吗","26,47"
4467,"我需要带房产证复印件或租赁协议复印件（出具房产证复印件及同意报装证明）吗,要合法的土地使用证明吗","26,47"
4473,"要房产证复印件或租赁协议复印件（出具房产证复印件及同意报装证明）吗,请问要由所在乡、镇或乡镇以上级别政府部门根据所辖权限开据证明吗","26,49"
4477,"要房产证复印件或租赁协议复印件（出具房产证复印件及同意报装证明）吗,当时电价有打折","26,50"
4478,"我需要带房产证复印件或租赁协议复印件（出具房产证复印件及同意报装证明）吗,是国家优惠电价","26,50"
4481,"要房产证复印件或租赁协议复印件（出具房产证复印件及同意报装证明）吗,我要带着政府有关部门核发的资质证明和公益证明（学校、养老院、居委会等）吗","26,51"
4483,"我需要带房产证复印件或租赁协议复印件（出具房产证复印件及同意报装证明）吗,我要带着政府有关部门核发的资质证明和公益证明（学校、养老院、居委会等）吗","26,51"
4494,"要房产证复印件或租赁协议复印件（出具房产证复印件及同意报装证明）吗,要建设工程规划许可证及附件吗","26,55"
4503,"要房产证复印件或租赁协议复印件（出具房产证复印件及同意报装证明）吗,我需要带相关政府部门批准的许可文件包括政府主管部门立项或批复文件，环境评估报告、生产许可证等吗","26,57"
4505,"我需要带房产证复印件或租赁协议复印件（出具房产证复印件及同意报装证明）吗,我需要带相关政府部门批准的许可文件包括政府主管部门立项或批复文件，环境评估报告、生产许可证等吗","26,57"
4511,"要房产证复印件或租赁协议复印件（出具房产证复印件及同意报装证明）吗,装表接电是？","26,59"
4525,"我家是农村的,要带立项、规划批复文件吗","27,30"
4533,"我在我们村里办电,国家给了优惠","27,33"
4536,"我在我们村里办电,要政府有关部门核发的资质证明和公益证明（学校、养老院、居委会）吗","27,34"
4541,"我在我们村里办电,外部工程施工指什么","27,35"
4542,"我家是农村的,外部工程施工具体指什么","27,35"
4545,"我在我们村里办电,装接电表是？","27,36"
4546,"我家是农村的,装接电表具体指什么","27,36"
4551,"我家是农村的,是高压用户","27,37"
4552,"我在我们村里办电,要主体证明吗","27,38"
4553,"我在我们村里办电,是不是也要主体证明","27,38"
4555,"我家是农村的,是不是也要主体证明","27,38"
4567,"我家是农村的,要带着企业法定代表人身份证复印件，或法定代表人签章的授权本单位人员的授权委托书及被授权经办的身份证复印件吗","27,41"
4569,"我在我们村里办电,需不需要报装申请资料","27,42"
4570,"我家是农村的,要报装申请资料吗","27,42"
4572,"我在我们村里办电,要客户用电报装申请书、客户用电设备信息登记表（动力、照明）吗","27,43"
4573,"我在我们村里办电,需要带着客户用电报装申请书、客户用电设备信息登记表（动力、照明）吗","27,43"
4577,"我在我们村里办电,要房屋产权证明嘛","27,44"
4578,"我家是农村的,要房屋产权证明吗","27,44"
4580,"我在我们村里办电,这房子是我租的","27,45"
4582,"我家是农村的,这房子是我租的","27,45"
4584,"我在我们村里办电,要租赁协议复印件及产权人同意报装证明材料吗","27,46"
4589,"我在我们村里办电,要合法的土地使用证明吗","27,47"
4590,"我家是农村的,要合法的土地使用证明吗","27,47"
4591,"我家是农村的,要合法的土地使用证明吗","27,47"
4592,"我在我们村里办电,要土地租赁协议及产权人同意报装证明材料吗","27,48"
4593,"我在我们村里办电,要带着土地租赁协议及产权人同意报装证明材料吗","27,48"
4599,"我家是农村的,请问要由所在乡、镇或乡镇以上级别政府部门根据所辖权限开据证明吗","27,49"
4605,"我在我们村里办电,我要带着政府有关部门核发的资质证明和公益证明（学校、养老院、居委会等）吗","27,51"
4607,"我家是农村的,我要带着政府有关部门核发的资质证明和公益证明（学校、养老院、居委会等）吗","27,51"
4608,"我在我们村里办电,要项目立项及批复吗","27,52"
4613,"我在我们村里办电,要上级批准文件吗","27,53"
4626,"我在我们村里办电,要相关政府部门批准的许可文件包括政府主管部门立项或批复文件，环境评估报告、生产许可证等吗","27,57"
4630,"我在我们村里办电,方案答复具体指什么","27,58"
4631,"我在我们村里办电,方案答复这一步我需要做什么？","27,58"
4635,"我在我们村里办电,装表接电是？","27,59"
4640,"需不需要乡镇及以上政府或规划部门的批复文件,我这里是新盖的","28,29"
4644,"需不需要乡镇及以上政府或规划部门的批复文件,要立项、规划批复文件吗","28,30"
4646,"要乡镇及以上政府或规划部门的批复文件吗,需要带立项文件吗","28,31"
4648,"要乡镇及以上政府或规划部门的批复文件吗,要带规划批复文件吗","28,32"
4651,"需不需要乡镇及以上政府或规划部门的批复文件,规划批复文件是不是也需要带着？","28,32"
4653,"要乡镇及以上政府或规划部门的批复文件吗,国家给了优惠","28,33"
4664,"要乡镇及以上政府或规划部门的批复文件吗,装接电表具体指什么","28,36"
4667,"需不需要乡镇及以上政府或规划部门的批复文件,装接电表是？","28,36"
4673,"要乡镇及以上政府或规划部门的批复文件吗,是不是也要主体证明","28,38"
4674,"需不需要乡镇及以上政府或规划部门的批复文件,要主体证明吗","28,38"
4677,"要乡镇及以上政府或规划部门的批复文件吗,我代表公司来的","28,39"
4680,"要乡镇及以上政府或规划部门的批复文件吗,我是机关事业单位的","28,40"
4681,"要乡镇及以上政府或规划部门的批复文件吗,我是代表机关事业单位来的","28,40"
4684,"要乡镇及以上政府或规划部门的批复文件吗,要企业法定代表人身份证复印件，或法定代表人签章的授权本单位人员的授权委托书及被授权经办的身份证复印件吗","28,41"
4688,"要乡镇及以上政府或规划部门的批复文件吗,要报装申请资料吗","28,42"
4691,"需不需要乡镇及以上政府或规划部门的批复文件,需不需要报装申请资料","28,42"
4692,"要乡镇及以上政府或规划部门的批复文件吗,要客户用电报装申请书、客户用电设备信息登记表（动力、照明）吗","28,43"
4694,"需不需要乡镇及以上政府或规划部门的批复文件,要客户用电报装申请书、客户用电设备信息登记表（动力、照明）吗","28,43"
4695,"需不需要乡镇及以上政府或规划部门的批复文件,需要带着客户用电报装申请书、客户用电设备信息登记表（动力、照明）吗","28,43"
4696,"要乡镇及以上政府或规划部门的批复文件吗,要房屋产权证明吗","28,44"
4704,"要乡镇及以上政府或规划部门的批复文件吗,要租赁协议复印件及产权人同意报装证明材料吗","28,46"
4707,"需不需要乡镇及以上政府或规划部门的批复文件,我需要带着租赁协议复印件及产权人同意报装证明材料吗","28,46"
4712,"要乡镇及以上政府或规划部门的批复文件吗,要土地租赁协议及产权人同意报装证明材料吗","28,48"
4715,"需不需要乡镇及以上政府或规划部门的批复文件,要带着土地租赁协议及产权人同意报装证明材料吗","28,48"
4717,"要乡镇及以上政府或规划部门的批复文件吗,请问要由所在乡、镇或乡镇以上级别政府部门根据所辖权限开据证明吗","28,49"
4721,"要乡镇及以上政府或规划部门的批复文件吗,当时电价有打折","28,50"
4723,"需不需要乡镇及以上政府或规划部门的批复文件,当时电价有打折","28,50"
4729,"要乡镇及以上政府或规划部门的批复文件吗,要带项目立项及批复吗","28,52"
4730,"需不需要乡镇及以上政府或规划部门的批复文件,要项目立项及批复吗","28,52"
4731,"需不需要乡镇及以上政府或规划部门的批复文件,要带项目立项及批复吗","28,52"
4732,"要乡镇及以上政府或规划部门的批复文件吗,要上级批准文件、立项批准文件吗","28,53"
4733,"要乡镇及以上政府或规划部门的批复文件吗,要上级批准文件吗","28,53"
4736,"要乡镇及以上政府或规划部门的批复文件吗,要规划立项","28,54"
4738,"要乡镇及以上政府或规划部门的批复文件吗,要建设工程规划许可证及附件吗","28,55"
4741,"需不需要乡镇及以上政府或规划部门的批复文件,我需要带建设工程规划许可证及附件吗","28,55"
4743,"要乡镇及以上政府或规划部门的批复文件吗,我是做钢铁的","28,56"
4747,"要乡镇及以上政府或规划部门的批复文件吗,我需要带相关政府部门批准的许可文件包括政府主管部门立项或批复文件，环境评估报告、生产许可证等吗","28,57"
4748,"需不需要乡镇及以上政府或规划部门的批复文件,要相关政府部门批准的许可文件包括政府主管部门立项或批复文件，环境评估报告、生产许可证等吗","28,57"
4749,"需不需要乡镇及以上政府或规划部门的批复文件,我需要带相关政府部门批准的许可文件包括政府主管部门立项或批复文件，环境评估报告、生产许可证等吗","28,57"
4751,"要乡镇及以上政府或规划部门的批复文件吗,方案答复这一步我需要做什么？","28,58"
4755,"要乡镇及以上政府或规划部门的批复文件吗,装表接电是？","28,59"
4756,"需不需要乡镇及以上政府或规划部门的批复文件,装表接电具体指什么","28,59"
4766,"我这里是新建的,要带规划批复文件吗","29,32"
4771,"我这里是新建的,国家给了优惠","29,33"
4773,"我这里是新盖的,我要带着政府有关部门核发的资质证明和公益证明（学校、养老院、居委会）吗","29,34"
4778,"我这里是新建的,外部工程施工具体指什么","29,35"
4784,"我这里是新盖的,高压","29,37"
4786,"我这里是新建的,高压","29,37"
4791,"我这里是新建的,是不是也要主体证明","29,38"
4794,"我这里是新建的,我属于企业","29,39"
4796,"我这里是新盖的,我是机关事业单位的","29,40"
4797,"我这里是新盖的,是代表机关事业单位来的","29,40"
4801,"我这里是新盖的,要带着企业法定代表人身份证复印件，或法定代表人签章的授权本单位人员的授权委托书及被授权经办的身份证复印件吗","29,41"
4803,"我这里是新建的,要带着企业法定代表人身份证复印件，或法定代表人签章的授权本单位人员的授权委托书及被授权经办的身份证复印件吗","29,41"
4807,"我这里是新建的,需不需要报装申请资料","29,42"
4809,"我这里是新盖的,需要带着客户用电报装申请书、客户用电设备信息登记表（动力、照明）吗","29,43"
4812,"我这里是新盖的,要房屋产权证明吗","29,44"
4813,"我这里是新盖的,要房屋产权证明嘛","29,44"
4818,"我这里是新建的,这房子是我租的","29,45"
4830,"我这里是新建的,要土地租赁协议及产权人同意报装证明材料吗","29,48"
4832,"我这里是新盖的,要由所在乡、镇或乡镇以上级别政府部门根据所辖权限开据证明吗","29,49"
4838,"我这里是新建的,是国家优惠电价","29,50"
4843,"我这里是新建的,我要带着政府有关部门核发的资质证明和公益证明（学校、养老院、居委会等）吗","29,51"
4845,"我这里是新盖的,要带项目立项及批复吗","29,52"
4850,"我这里是新建的,要上级批准文件、立项批准文件吗","29,53"
4852,"我这里是新盖的,要规划立项","29,54"
4853,"我这里是新建的,要规划立项","29,54"
4857,"我这里是新建的,需要带建设工程规划许可证及附件吗","29,55"
4859,"我这里是新盖的,我是做钢铁的","29,56"
4863,"我这里是新盖的,需要带相关政府部门批准的许可文件包括政府主管部门立项或批复文件，环境评估报告、生产许可证等吗","29,57"
4869,"我这里是新建的,方案答复这一步我需要做什么？","29,58"
4873,"我这里是新建的,装表接电是？","29,59"
4875,"要带立项、规划批复文件吗,需要带立项文件吗","30,31"
4876,"要立项、规划批复文件吗,要带规划批复文件吗","30,32"
4877,"要立项、规划批复文件吗,规划批复文件是不是也需要带着？","30,32"
4878,"要带立项、规划批复文件吗,要带规划批复文件吗","30,32"
4879,"要带立项、规划批复文件吗,规划批复文件是不是也需要带着？","30,32"
4885,"要立项、规划批复文件吗,我要带着政府有关部门核发的资质证明和公益证明（学校、养老院、居委会）吗","30,34"
4892,"要立项、规划批复文件吗,装接电表具体指什么","30,36"
4893,"要立项、规划批复文件吗,装接电表是？","30,36"
4894,"要带立项、规划批复文件吗,装接电表具体指什么","30,36"
4895,"要带立项、规划批复文件吗,装接电表是？","30,36"
4908,"要立项、规划批复文件吗,我是机关事业单位的","30,40"
4911,"要带立项、规划批复文件吗,我是代表机关事业单位来的","30,40"
4913,"要立项、规划批复文件吗,要带着企业法定代表人身份证复印件，或法定代表人签章的授权本单位人员的授权委托书及被授权经办的身份证复印件吗","30,41"
4915,"要带立项、规划批复文件吗,要带着企业法定代表人身份证复印件，或法定代表人签章的授权本单位人员的授权委托书及被授权经办的身份证复印件吗","30,41"
4917,"要立项、规划批复文件吗,需不需要报装申请资料","30,42"
4920,"要立项、规划批复文件吗,要客户用电报装申请书、客户用电设备信息登记表（动力、照明）吗","30,43"
4922,"要带立项、规划批复文件吗,要客户用电报装申请书、客户用电设备信息登记表（动力、照明）吗","30,43"
4929,"要立项、规划批复文件吗,是我租的房子","30,45"
4932,"要立项、规划批复文件吗,要租赁协议复印件及产权人同意报装证明材料吗","30,46"
4933,"要立项、规划批复文件吗,我需要带着租赁协议复印件及产权人同意报装证明材料吗","30,46"
4937,"要立项、规划批复文件吗,要合法的土地使用证明吗","30,47"
4942,"要带立项、规划批复文件吗,要土地租赁协议及产权人同意报装证明材料吗","30,48"
4944,"要立项、规划批复文件吗,要由所在乡、镇或乡镇以上级别政府部门根据所辖权限开据证明吗","30,49"
4945,"要立项、规划批复文件吗,请问要由所在乡、镇或乡镇以上级别政府部门根据所辖权限开据证明吗","30,49"
4946,"要带立项、规划批复文件吗,要由所在乡、镇或乡镇以上级别政府部门根据所辖权限开据证明吗","30,49"
4948,"要立项、规划批复文件吗,是国家优惠电价","30,50"
4949,"要立项、规划批复文件吗,当时电价有打折","30,50"
4950,"要带立项、规划批复文件吗,是国家优惠电价","30,50"
4952,"要立项、规划批复文件吗,要政府有关部门核发的资质证明和公益证明（学校、养老院、居委会等）吗","30,51"
4954,"要带立项、规划批复文件吗,要政府有关部门核发的资质证明和公益证明（学校、养老院、居委会等）吗","30,51"
4956,"要立项、规划批复文件吗,要项目立项及批复吗","30,52"
4960,"要立项、规划批复文件吗,要上级批准文件、立项批准文件吗","30,53"
4962,"要带立项、规划批复文件吗,要上级批准文件、立项批准文件吗","30,53"
4963,"要带立项、规划批复文件吗,要上级批准文件吗","30,53"
4966,"要立项、规划批复文件吗,要建设工程规划许可证及附件吗","30,55"
4969,"要带立项、规划批复文件吗,我需要带建设工程规划许可证及附件吗","30,55"
4973,"要带立项、规划批复文件吗,我是做钢铁的","30,56"
4974,"要立项、规划批复文件吗,要相关政府部门批准的许可文件包括政府主管部门立项或批复文件，环境评估报告、生产许可证等吗","30,57"
4980,"要带立项、规划批复文件吗,方案答复具体指什么","30,58"
4985,"要带立项、规划批复文件吗,装表接电是？","30,59"
4991,"需要带立项文件吗,我要带着政府有关部门核发的资质证明和公益证明（学校、养老院、居委会）吗","31,34"
4994,"需要带立项文件吗,装接电表具体指什么","31,36"
4997,"需要带立项文件吗,我是高压用户","31,37"
5000,"需要带立项文件吗,我属于企业","31,39"
5001,"需要带立项文件吗,我代表公司来的","31,39"
5005,"需要带立项文件吗,要带着企业法定代表人身份证复印件，或法定代表人签章的授权本单位人员的授权委托书及被授权经办的身份证复印件吗","31,41"
5008,"需要带立项文件吗,要客户用电报装申请书、客户用电设备信息登记表（动力、照明）吗","31,43"
5017,"需要带立项文件吗,要合法的土地使用证明吗","31,47"
5019,"需要带立项文件吗,要带着土地租赁协议及产权人同意报装证明材料吗","31,48"
5022,"需要带立项文件吗,是国家优惠电价","31,50"
5025,"需要带立项文件吗,我要带着政府有关部门核发的资质证明和公益证明（学校、养老院、居委会等）吗","31,51"
5032,"需要带立项文件吗,我需要带建设工程规划许可证及附件吗","31,55"
5038,"需要带立项文件吗,方案答复这一步我需要做什么？","31,58"
5045,"要带规划批复文件吗,要政府有关部门核发的资质证明和公益证明（学校、养老院、居委会）吗","32,34"
5046,"要带规划批复文件吗,我要带着政府有关部门核发的资质证明和公益证明（学校、养老院、居委会）吗","32,34"
5049,"要带规划批复文件吗,外部工程施工具体指什么","32,35"
5053,"要带规划批复文件吗,装接电表具体指什么","32,36"
5054,"要带规划批复文件吗,装接电表是？","32,36"
5057,"要带规划批复文件吗,高压","32,37"
5068,"规划批复文件是不是也需要带着？,我代表公司来的","32,39"
5073,"要带规划批复文件吗,要企业法定代表人身份证复印件，或法定代表人签章的授权本单位人员的授权委托书及被授权经办的身份证复印件吗","32,41"
5080,"规划批复文件是不是也需要带着？,需不需要报装申请资料","32,42"
5091,"规划批复文件是不是也需要带着？,这房子是我租的","32,45"
5093,"要带规划批复文件吗,要租赁协议复印件及产权人同意报装证明材料吗","32,46"
5097,"要带规划批复文件吗,要合法的土地使用证明吗","32,47"
5099,"规划批复文件是不是也需要带着？,要合法的土地使用证明吗","32,47"
5102,"要带规划批复文件吗,要带着土地租赁协议及产权人同意报装证明材料吗","32,48"
5104,"规划批复文件是不是也需要带着？,要带着土地租赁协议及产权人同意报装证明材料吗","32,48"
5105,"要带规划批复文件吗,要由所在乡、镇或乡镇以上级别政府部门根据所辖权限开据证明吗","32,49"
5107,"规划批复文件是不是也需要带着？,要由所在乡、镇或乡镇以上级别政府部门根据所辖权限开据证明吗","32,49"
5110,"要带规划批复文件吗,当时电价有打折","32,50"
5113,"要带规划批复文件吗,要政府有关部门核发的资质证明和公益证明（学校、养老院、居委会等）吗","32,51"
5115,"规划批复文件是不是也需要带着？,要政府有关部门核发的资质证明和公益证明（学校、养老院、居委会等）吗","32,51"
5118,"要带规划批复文件吗,要带项目立项及批复吗","32,52"
5121,"要带规划批复文件吗,要上级批准文件、立项批准文件吗","32,53"
5124,"规划批复文件是不是也需要带着？,要上级批准文件吗","32,53"
5128,"要带规划批复文件吗,我需要带建设工程规划许可证及附件吗","32,55"
5132,"要带规划批复文件吗,我是做钢铁的","32,56"
5133,"规划批复文件是不是也需要带着？,我属于钢铁、电解铝、铁合金、水泥、电石、烧碱、黄磷、锌冶炼高耗能等特殊行业客户","32,56"
5137,"规划批复文件是不是也需要带着？,要相关政府部门批准的许可文件包括政府主管部门立项或批复文件，环境评估报告、生产许可证等吗","32,57"
5138,"规划批复文件是不是也需要带着？,我需要带相关政府部门批准的许可文件包括政府主管部门立项或批复文件，环境评估报告、生产许可证等吗","32,57"
5139,"要带规划批复文件吗,方案答复具体指什么","32,58"
5142,"规划批复文件是不是也需要带着？,方案答复这一步我需要做什么？","32,58"
5143,"要带规划批复文件吗,装表接电具体指什么","32,59"
5144,"要带规划批复文件吗,装表接电是？","32,59"
5146,"规划批复文件是不是也需要带着？,装表接电是？","32,59"
5149,"国家给了优惠,要政府有关部门核发的资质证明和公益证明（学校、养老院、居委会）吗","33,34"
5154,"国家给了优惠,外部工程施工指什么","33,35"
5156,"是国家优惠价,装接电表是？","33,36"
5158,"国家给了优惠,装接电表是？","33,36"
5160,"是国家优惠价,我是高压用户","33,37"
5165,"国家给了优惠,要主体证明吗","33,38"
5166,"国家给了优惠,是不是也要主体证明","33,38"
5174,"国家给了优惠,我是代表机关事业单位来的","33,40"
5177,"国家给了优惠,要企业法定代表人身份证复印件，或法定代表人签章的授权本单位人员的授权委托书及被授权经办的身份证复印件吗","33,41"
5179,"是国家优惠价,要报装申请资料吗","33,42"
5180,"是国家优惠价,需不需要报装申请资料","33,42"
5185,"国家给了优惠,要客户用电报装申请书、客户用电设备信息登记表（动力、照明）吗","33,43"
5190,"国家给了优惠,要房屋产权证明嘛","33,44"
5195,"是国家优惠价,要租赁协议复印件及产权人同意报装证明材料吗","33,46"
5196,"是国家优惠价,我需要带着租赁协议复印件及产权人同意报装证明材料吗","33,46"
5197,"国家给了优惠,要租赁协议复印件及产权人同意报装证明材料吗","33,46"
5199,"是国家优惠价,要合法的土地使用证明吗","33,47"
5202,"国家给了优惠,要合法的土地使用证明吗","33,47"
5204,"是国家优惠价,要带着土地租赁协议及产权人同意报装证明材料吗","33,48"
5206,"国家给了优惠,要带着土地租赁协议及产权人同意报装证明材料吗","33,48"
5210,"国家给了优惠,请问要由所在乡、镇或乡镇以上级别政府部门根据所辖权限开据证明吗","33,49"
5214,"国家给了优惠,当时电价有打折","33,50"
5221,"国家给了优惠,要项目立项及批复吗","33,52"
5224,"是国家优惠价,要上级批准文件吗","33,53"
5237,"是国家优惠价,要相关政府部门批准的许可文件包括政府主管部门立项或批复文件，环境评估报告、生产许可证等吗","33,57"
5239,"国家给了优惠,要相关政府部门批准的许可文件包括政府主管部门立项或批复文件，环境评估报告、生产许可证等吗","33,57"
5241,"是国家优惠价,方案答复具体指什么","33,58"
5244,"国家给了优惠,方案答复这一步我需要做什么？","33,58"
5246,"是国家优惠价,装表接电是？","33,59"
5251,"我要带着政府有关部门核发的资质证明和公益证明（学校、养老院、居委会）吗,外部工程施工具体指什么","34,35"
5253,"要政府有关部门核发的资质证明和公益证明（学校、养老院、居委会）吗,装接电表具体指什么","34,36"
5258,"要政府有关部门核发的资质证明和公益证明（学校、养老院、居委会）吗,我是高压用户","34,37"
5260,"我要带着政府有关部门核发的资质证明和公益证明（学校、养老院、居委会）吗,我是高压用户","34,37"
5261,"要政府有关部门核发的资质证明和公益证明（学校、养老院、居委会）吗,要主体证明吗","34,38"
5262,"要政府有关部门核发的资质证明和公益证明（学校、养老院、居委会）吗,是不是也要主体证明","34,38"
5269,"要政府有关部门核发的资质证明和公益证明（学校、养老院、居委会）吗,我是机关事业单位的","34,40"
5273,"要政府有关部门核发的资质证明和公益证明（学校、养老院、居委会）吗,要企业法定代表人身份证复印件，或法定代表人签章的授权本单位人员的授权委托书及被授权经办的身份证复印件吗","34,41"
5279,"我要带着政府有关部门核发的资质证明和公益证明（学校、养老院、居委会）吗,要报装申请资料吗","34,42"
5283,"我要带着政府有关部门核发的资质证明和公益证明（学校、养老院、居委会）吗,要客户用电报装申请书、客户用电设备信息登记表（动力、照明）吗","34,43"
5287,"我要带着政府有关部门核发的资质证明和公益证明（学校、养老院、居委会）吗,要房屋产权证明吗","34,44"
5289,"要政府有关部门核发的资质证明和公益证明（学校、养老院、居委会）吗,这房子是我租的","34,45"
5291,"我要带着政府有关部门核发的资质证明和公益证明（学校、养老院、居委会）吗,这房子是我租的","34,45"
5294,"要政府有关部门核发的资质证明和公益证明（学校、养老院、居委会）吗,我需要带着租赁协议复印件及产权人同意报装证明材料吗","34,46"
5296,"我要带着政府有关部门核发的资质证明和公益证明（学校、养老院、居委会）吗,我需要带着租赁协议复印件及产权人同意报装证明材料吗","34,46"
5297,"要政府有关部门核发的资质证明和公益证明（学校、养老院、居委会）吗,要合法的土地使用证明吗","34,47"
5299,"我要带着政府有关部门核发的资质证明和公益证明（学校、养老院、居委会）吗,要合法的土地使用证明吗","34,47"
5302,"要政府有关部门核发的资质证明和公益证明（学校、养老院、居委会）吗,要带着土地租赁协议及产权人同意报装证明材料吗","34,48"
5303,"我要带着政府有关部门核发的资质证明和公益证明（学校、养老院、居委会）吗,要土地租赁协议及产权人同意报装证明材料吗","34,48"
5305,"要政府有关部门核发的资质证明和公益证明（学校、养老院、居委会）吗,要由所在乡、镇或乡镇以上级别政府部门根据所辖权限开据证明吗","34,49"
5310,"要政府有关部门核发的资质证明和公益证明（学校、养老院、居委会）吗,当时电价有打折","34,50"
5311,"我要带着政府有关部门核发的资质证明和公益证明（学校、养老院、居委会）吗,是国家优惠电价","34,50"
5313,"要政府有关部门核发的资质证明和公益证明（学校、养老院、居委会）吗,要政府有关部门核发的资质证明和公益证明（学校、养老院、居委会等）吗","34,51"
5317,"要政府有关部门核发的资质证明和公益证明（学校、养老院、居委会）吗,要项目立项及批复吗","34,52"
5318,"要政府有关部门核发的资质证明和公益证明（学校、养老院、居委会）吗,要带项目立项及批复吗","34,52"
5319,"我要带着政府有关部门核发的资质证明和公益证明（学校、养老院、居委会）吗,要项目立项及批复吗","34,52"
5321,"要政府有关部门核发的资质证明和公益证明（学校、养老院、居委会）吗,要上级批准文件、立项批准文件吗","34,53"
5323,"我要带着政府有关部门核发的资质证明和公益证明（学校、养老院、居委会）吗,要上级批准文件、立项批准文件吗","34,53"
5325,"要政府有关部门核发的资质证明和公益证明（学校、养老院、居委会）吗,要规划立项","34,54"
5326,"我要带着政府有关部门核发的资质证明和公益证明（学校、养老院、居委会）吗,要规划立项","34,54"
5330,"我要带着政府有关部门核发的资质证明和公益证明（学校、养老院、居委会）和建设工程规划许可证及附件吗","34,55"
5342,"我要带着政府有关部门核发的资质证明和公益证明（学校、养老院、居委会）吗,方案答复这一步我需要做什么？","34,58"
5343,"要政府有关部门核发的资质证明和公益证明（学校、养老院、居委会）吗,装表接电具体指什么","34,59"
5348,"外部工程施工具体指什么,装接电表是？","35,36"
5351,"外部工程施工具体指什么,高压","35,37"
5352,"外部工程施工具体指什么,我是高压用户","35,37"
5359,"外部工程施工具体指什么,我属于企业","35,39"
5362,"外部工程施工指什么,我代表公司来的","35,39"
5368,"外部工程施工具体指什么,要带着企业法定代表人身份证复印件，或法定代表人签章的授权本单位人员的授权委托书及被授权经办的身份证复印件吗","35,41"
5369,"外部工程施工指什么,要企业法定代表人身份证复印件，或法定代表人签章的授权本单位人员的授权委托书及被授权经办的身份证复印件吗","35,41"
5376,"外部工程施工具体指什么,需要带着客户用电报装申请书、客户用电设备信息登记表（动力、照明）吗","35,43"
5379,"外部工程施工具体指什么,要房屋产权证明吗","35,44"
5381,"外部工程施工指什么,要房屋产权证明吗","35,44"
5384,"外部工程施工具体指什么,是我租的房子","35,45"
5403,"外部工程施工具体指什么,是国家优惠电价","35,50"
5408,"外部工程施工具体指什么,我要带着政府有关部门核发的资质证明和公益证明（学校、养老院、居委会等）吗","35,51"
5410,"外部工程施工指什么,我要带着政府有关部门核发的资质证明和公益证明（学校、养老院、居委会等）吗","35,51"
5411,"外部工程施工具体指什么,要项目立项及批复吗","35,52"
5412,"外部工程施工具体指什么,要带项目立项及批复吗","35,52"
5413,"外部工程施工指什么,要项目立项及批复吗","35,52"
5415,"外部工程施工具体指什么,要上级批准文件、立项批准文件吗","35,53"
5416,"外部工程施工具体指什么,要上级批准文件吗","35,53"
5421,"外部工程施工具体指什么,要建设工程规划许可证及附件吗","35,55"
5422,"外部工程施工具体指什么,我需要带建设工程规划许可证及附件吗","35,55"
5424,"外部工程施工指什么,我需要带建设工程规划许可证及附件吗","35,55"
5425,"外部工程施工具体指什么,我属于钢铁、电解铝、铁合金、水泥、电石、烧碱、黄磷、锌冶炼高耗能等特殊行业客户","35,56"
5426,"外部工程施工具体指什么,我是做钢铁的","35,56"
5428,"外部工程施工指什么,我是做钢铁的","35,56"
5435,"外部工程施工指什么,方案答复具体指什么","35,58"
5443,"装接电表是？,高压","36,37"
5446,"装接电表具体指什么,是不是也要主体证明","36,38"
5448,"装接电表是？,是不是也要主体证明","36,38"
5458,"装接电表具体指什么,要带着企业法定代表人身份证复印件，或法定代表人签章的授权本单位人员的授权委托书及被授权经办的身份证复印件吗","36,41"
5459,"装接电表是？,要企业法定代表人身份证复印件，或法定代表人签章的授权本单位人员的授权委托书及被授权经办的身份证复印件吗","36,41"
5462,"装接电表具体指什么,需不需要报装申请资料","36,42"
5463,"装接电表是？,要报装申请资料吗","36,42"
5465,"装接电表具体指什么,要客户用电报装申请书、客户用电设备信息登记表（动力、照明）吗","36,43"
5474,"装接电表具体指什么,是我租的房子","36,45"
5475,"装接电表是？,这房子是我租的","36,45"
5485,"装接电表具体指什么,要土地租赁协议及产权人同意报装证明材料吗","36,48"
5490,"装接电表具体指什么,请问要由所在乡、镇或乡镇以上级别政府部门根据所辖权限开据证明吗","36,49"
5494,"装接电表具体指什么,当时电价有打折","36,50"
5498,"装接电表具体指什么,我要带着政府有关部门核发的资质证明和公益证明（学校、养老院、居委会等）吗","36,51"
5502,"装接电表具体指什么,要带项目立项及批复吗","36,52"
5507,"装接电表是？,要上级批准文件、立项批准文件吗","36,53"
5509,"装接电表具体指什么,要规划立项","36,54"
5513,"装接电表是？,要建设工程规划许可证及附件吗","36,55"
5516,"装接电表具体指什么,我是做钢铁的","36,56"
5517,"装接电表是？,我属于钢铁、电解铝、铁合金、水泥、电石、烧碱、黄磷、锌冶炼高耗能等特殊行业客户","36,56"
5522,"装接电表是？,我需要带相关政府部门批准的许可文件包括政府主管部门立项或批复文件，环境评估报告、生产许可证等吗","36,57"
5523,"装接电表具体指什么,方案答复具体指什么","36,58"
5524,"装接电表具体指什么,方案答复这一步我需要做什么？","36,58"
5527,"装接电表具体指什么,装表接电具体指什么","36,59"
5530,"装接电表是？,装表接电是？","36,59"
5531,"高压,要主体证明吗","37,38"
5533,"我是高压用户,要主体证明吗","37,38"
5543,"高压,要企业法定代表人身份证复印件，或法定代表人签章的授权本单位人员的授权委托书及被授权经办的身份证复印件吗","37,41"
5551,"高压,要客户用电报装申请书、客户用电设备信息登记表（动力、照明）吗","37,43"
5553,"我是高压用户,要客户用电报装申请书、客户用电设备信息登记表（动力、照明）吗","37,43"
5555,"高压,要房屋产权证明吗","37,44"
5556,"高压,要房屋产权证明嘛","37,44"
5561,"我是高压用户,这房子是我租的","37,45"
5563,"高压,要租赁协议复印件及产权人同意报装证明材料吗","37,46"
5564,"高压,我需要带着租赁协议复印件及产权人同意报装证明材料吗","37,46"
5572,"高压,要带着土地租赁协议及产权人同意报装证明材料吗","37,48"
5574,"我是高压用户,要带着土地租赁协议及产权人同意报装证明材料吗","37,48"
5586,"我是高压用户,我要带着政府有关部门核发的资质证明和公益证明（学校、养老院、居委会等）吗","37,51"
5587,"高压,要项目立项及批复吗","37,52"
5589,"我是高压用户,要项目立项及批复吗","37,52"
5592,"高压,要上级批准文件吗","37,53"
5594,"我是高压用户,要上级批准文件吗","37,53"
5600,"我是高压用户,我需要带建设工程规划许可证及附件吗","37,55"
5606,"高压,我需要带相关政府部门批准的许可文件包括政府主管部门立项或批复文件，环境评估报告、生产许可证等吗","37,57"
5607,"我是高压用户,要相关政府部门批准的许可文件包括政府主管部门立项或批复文件，环境评估报告、生产许可证等吗","37,57"
5613,"高压,装表接电具体指什么","37,59"
5615,"我是高压用户,装表接电具体指什么","37,59"
5624,"是不是也要主体证明,我是代表机关事业单位来的","38,40"
5629,"要主体证明吗,要报装申请资料吗","38,42"
5630,"要主体证明吗,需不需要报装申请资料","38,42"
5634,"要主体证明吗,需要带着客户用电报装申请书、客户用电设备信息登记表（动力、照明）吗","38,43"
5637,"要主体证明吗,要房屋产权证明吗","38,44"
5641,"要主体证明吗,这房子是我租的","38,45"
5648,"是不是也要主体证明,我需要带着租赁协议复印件及产权人同意报装证明材料吗","38,46"
5650,"要主体证明吗,要合法的土地使用证明吗","38,47"
5651,"是不是也要主体证明,要合法的土地使用证明吗","38,47"
5657,"要主体证明吗,要由所在乡、镇或乡镇以上级别政府部门根据所辖权限开据证明吗","38,49"
5658,"要主体证明吗,请问要由所在乡、镇或乡镇以上级别政府部门根据所辖权限开据证明吗","38,49"
5660,"是不是也要主体证明,请问要由所在乡、镇或乡镇以上级别政府部门根据所辖权限开据证明吗","38,49"
5662,"要主体证明吗,当时电价有打折","38,50"
5663,"是不是也要主体证明,是国家优惠电价","38,50"
5666,"要主体证明吗,我要带着政府有关部门核发的资质证明和公益证明（学校、养老院、居委会等）吗","38,51"
5681,"是不是也要主体证明,要建设工程规划许可证及附件吗","38,55"
5682,"是不是也要主体证明,我需要带建设工程规划许可证及附件吗","38,55"
5684,"要主体证明吗,我是做钢铁的","38,56"
5690,"是不是也要主体证明,我需要带相关政府部门批准的许可文件包括政府主管部门立项或批复文件，环境评估报告、生产许可证等吗","38,57"
5692,"要主体证明吗,方案答复这一步我需要做什么？","38,58"
5693,"是不是也要主体证明,方案答复具体指什么","38,58"
5694,"是不是也要主体证明,方案答复这一步我需要做什么？","38,58"
5697,"是不是也要主体证明,装表接电具体指什么","38,59"
5704,"我属于企业,要带着企业法定代表人身份证复印件，或法定代表人签章的授权本单位人员的授权委托书及被授权经办的身份证复印件吗","39,41"
5706,"我代表公司来的,要带着企业法定代表人身份证复印件，或法定代表人签章的授权本单位人员的授权委托书及被授权经办的身份证复印件吗","39,41"
5707,"我属于企业,要报装申请资料吗","39,42"
5709,"我代表公司来的,要报装申请资料吗","39,42"
5711,"我属于企业,要客户用电报装申请书、客户用电设备信息登记表（动力、照明）吗","39,43"
5717,"我代表公司来的,要房屋产权证明吗","39,44"
5718,"我代表公司来的,要房屋产权证明嘛","39,44"
5719,"我属于企业,这房子是我租的","39,45"
5720,"我属于企业,是我租的房子","39,45"
5723,"我属于企业,要租赁协议复印件及产权人同意报装证明材料吗","39,46"
5724,"我属于企业,我需要带着租赁协议复印件及产权人同意报装证明材料吗","39,46"
5725,"我代表公司来的,要租赁协议复印件及产权人同意报装证明材料吗","39,46"
5726,"我代表公司来的,我需要带着租赁协议复印件及产权人同意报装证明材料吗","39,46"
5727,"我属于企业,要合法的土地使用证明吗","39,47"
5728,"我属于企业,要合法的土地使用证明吗","39,47"
5730,"我代表公司来的,要合法的土地使用证明吗","39,47"
5741,"我代表公司来的,是国家优惠电价","39,50"
5743,"我属于企业,要政府有关部门核发的资质证明和公益证明（学校、养老院、居委会等）吗","39,51"
5749,"我代表公司来的,要项目立项及批复吗","39,52"
5754,"我代表公司来的,要上级批准文件吗","39,53"
5755,"我属于企业,要规划立项","39,54"
5758,"我属于企业,我需要带建设工程规划许可证及附件吗","39,55"
5759,"我代表公司来的,要建设工程规划许可证及附件吗","39,55"
5760,"我代表公司来的,我需要带建设工程规划许可证及附件吗","39,55"
5769,"我属于企业,方案答复具体指什么","39,58"
5770,"我属于企业,方案答复这一步我需要做什么？","39,58"
5772,"我代表公司来的,方案答复这一步我需要做什么？","39,58"
5773,"我属于企业,装表接电具体指什么","39,59"
5776,"我代表公司来的,装表接电是？","39,59"
5780,"我是代表机关事业单位来的,要带着企业法定代表人身份证复印件，或法定代表人签章的授权本单位人员的授权委托书及被授权经办的身份证复印件吗","40,41"
5781,"我是机关事业单位的,要报装申请资料吗","40,42"
5782,"我是机关事业单位的,需不需要报装申请资料","40,42"
5784,"我是代表机关事业单位来的,需不需要报装申请资料","40,42"
5786,"我是机关事业单位的,需要带着客户用电报装申请书、客户用电设备信息登记表（动力、照明）吗","40,43"
5791,"我是代表机关事业单位来的,要房屋产权证明吗","40,44"
5795,"我是代表机关事业单位来的,这房子是我租的","40,45"
5797,"我是机关事业单位的,要租赁协议复印件及产权人同意报装证明材料吗","40,46"
5801,"我是机关事业单位的,要合法的土地使用证明吗","40,47"
5807,"我是代表机关事业单位来的,要土地租赁协议及产权人同意报装证明材料吗","40,48"
5811,"我是代表机关事业单位来的,要由所在乡、镇或乡镇以上级别政府部门根据所辖权限开据证明吗","40,49"
5815,"我是代表机关事业单位来的,是国家优惠电价","40,50"
5820,"我是代表机关事业单位来的,我要带着政府有关部门核发的资质证明和公益证明（学校、养老院、居委会等）吗","40,51"
5824,"我是代表机关事业单位来的,要带项目立项及批复吗","40,52"
5826,"我是机关事业单位的,要上级批准文件吗","40,53"
5840,"我是机关事业单位的,我需要带相关政府部门批准的许可文件包括政府主管部门立项或批复文件，环境评估报告、生产许可证等吗","40,57"
5844,"我是机关事业单位的,方案答复这一步我需要做什么？","40,58"
5848,"我是机关事业单位的,装表接电是？","40,59"
5856,"要企业法定代表人身份证复印件，或法定代表人签章的授权本单位人员的授权委托书及被授权经办的身份证复印件吗,需要带着客户用电报装申请书、客户用电设备信息登记表（动力、照明）吗","41,43"
5862,"要带着企业法定代表人身份证复印件，或法定代表人签章的授权本单位人员的授权委托书及被授权经办的身份证复印件吗,要房屋产权证明嘛","41,44"
5871,"要企业法定代表人身份证复印件，或法定代表人签章的授权本单位人员的授权委托书及被授权经办的身份证复印件吗,要合法的土地使用证明吗","41,47"
5872,"要企业法定代表人身份证复印件，或法定代表人签章的授权本单位人员的授权委托书及被授权经办的身份证复印件吗,要合法的土地使用证明吗","41,47"
5875,"要企业法定代表人身份证复印件，或法定代表人签章的授权本单位人员的授权委托书及被授权经办的身份证复印件吗,要土地租赁协议及产权人同意报装证明材料吗","41,48"
5879,"要企业法定代表人身份证复印件，或法定代表人签章的授权本单位人员的授权委托书及被授权经办的身份证复印件吗,要由所在乡、镇或乡镇以上级别政府部门根据所辖权限开据证明吗","41,49"
5880,"要企业法定代表人身份证复印件，或法定代表人签章的授权本单位人员的授权委托书及被授权经办的身份证复印件吗,请问要由所在乡、镇或乡镇以上级别政府部门根据所辖权限开据证明吗","41,49"
5883,"要企业法定代表人身份证复印件，或法定代表人签章的授权本单位人员的授权委托书及被授权经办的身份证复印件吗,是国家优惠电价","41,50"
5887,"要企业法定代表人身份证复印件，或法定代表人签章的授权本单位人员的授权委托书及被授权经办的身份证复印件吗,要政府有关部门核发的资质证明和公益证明（学校、养老院、居委会等）吗","41,51"
5889,"要带着企业法定代表人身份证复印件，或法定代表人签章的授权本单位人员的授权委托书及被授权经办的身份证复印件吗,要政府有关部门核发的资质证明和公益证明（学校、养老院、居委会等）吗","41,51"
5890,"要带着企业法定代表人身份证复印件，或法定代表人签章的授权本单位人员的授权委托书及被授权经办的身份证复印件吗,我要带着政府有关部门核发的资质证明和公益证明（学校、养老院、居委会等）吗","41,51"
5897,"要带着企业法定代表人身份证复印件，或法定代表人签章的授权本单位人员的授权委托书及被授权经办的身份证复印件吗,要上级批准文件、立项批准文件吗","41,53"
5898,"要带着企业法定代表人身份证复印件，或法定代表人签章的授权本单位人员的授权委托书及被授权经办的身份证复印件吗,要上级批准文件吗","41,53"
5901,"要企业法定代表人身份证复印件，或法定代表人签章的授权本单位人员的授权委托书及被授权经办的身份证复印件吗,要建设工程规划许可证及附件吗","41,55"
5907,"要带着企业法定代表人身份证复印件，或法定代表人签章的授权本单位人员的授权委托书及被授权经办的身份证复印件吗,我属于钢铁、电解铝、铁合金、水泥、电石、烧碱、黄磷、锌冶炼高耗能等特殊行业客户","41,56"
5924,"需不需要报装申请资料,需要带着客户用电报装申请书、客户用电设备信息登记表（动力、照明）吗","42,43"
5927,"需不需要报装申请资料,要房屋产权证明吗","42,44"
5928,"需不需要报装申请资料,要房屋产权证明嘛","42,44"
5936,"需不需要报装申请资料,我需要带着租赁协议复印件及产权人同意报装证明材料吗","42,46"
5938,"要报装申请资料吗,要合法的土地使用证明吗","42,47"
5941,"要报装申请资料吗,要土地租赁协议及产权人同意报装证明材料吗","42,48"
5946,"要报装申请资料吗,请问要由所在乡、镇或乡镇以上级别政府部门根据所辖权限开据证明吗","42,49"
5947,"需不需要报装申请资料,要由所在乡、镇或乡镇以上级别政府部门根据所辖权限开据证明吗","42,49"
5950,"要报装申请资料吗,当时电价有打折","42,50"
5953,"要报装申请资料吗,要政府有关部门核发的资质证明和公益证明（学校、养老院、居委会等）吗","42,51"
5954,"要报装申请资料吗,我要带着政府有关部门核发的资质证明和公益证明（学校、养老院、居委会等）吗","42,51"
5955,"需不需要报装申请资料,要政府有关部门核发的资质证明和公益证明（学校、养老院、居委会等）吗","42,51"
5956,"需不需要报装申请资料,我要带着政府有关部门核发的资质证明和公益证明（学校、养老院、居委会等）吗","42,51"
5962,"要报装申请资料吗,要上级批准文件吗","42,53"
5967,"要报装申请资料吗,要建设工程规划许可证及附件吗","42,55"
5975,"要报装申请资料吗,要相关政府部门批准的许可文件包括政府主管部门立项或批复文件，环境评估报告、生产许可证等吗","42,57"
5978,"需不需要报装申请资料,我需要带相关政府部门批准的许可文件包括政府主管部门立项或批复文件，环境评估报告、生产许可证等吗","42,57"
5985,"需不需要报装申请资料,装表接电具体指什么","42,59"
5989,"需要带着客户用电报装申请书、客户用电设备信息登记表（动力、照明）吗,要房屋产权证明吗","43,44"
5999,"要客户用电报装申请书、客户用电设备信息登记表（动力、照明）吗,要合法的土地使用证明吗","43,47"
6000,"要客户用电报装申请书、客户用电设备信息登记表（动力、照明）吗,要合法的土地使用证明吗","43,47"
6010,"需要带着客户用电报装申请书、客户用电设备信息登记表（动力、照明）吗,请问要由所在乡、镇或乡镇以上级别政府部门根据所辖权限开据证明吗","43,49"
6014,"需要带着客户用电报装申请书、客户用电设备信息登记表（动力、照明）吗,当时电价有打折","43,50"
6016,"要客户用电报装申请书、客户用电设备信息登记表（动力、照明）吗,我要带着政府有关部门核发的资质证明和公益证明（学校、养老院、居委会等）吗","43,51"
6023,"要客户用电报装申请书、客户用电设备信息登记表（动力、照明）吗,要上级批准文件、立项批准文件吗","43,53"
6024,"要客户用电报装申请书、客户用电设备信息登记表（动力、照明）吗,要上级批准文件吗","43,53"
6025,"需要带着客户用电报装申请书、客户用电设备信息登记表（动力、照明）吗,要上级批准文件、立项批准文件吗","43,53"
6027,"要客户用电报装申请书、客户用电设备信息登记表（动力、照明）吗,要规划立项","43,54"
6028,"需要带着客户用电报装申请书、客户用电设备信息登记表（动力、照明）吗,要规划立项","43,54"
6036,"需要带着客户用电报装申请书、客户用电设备信息登记表（动力、照明）吗,我是做钢铁的","43,56"
6037,"要客户用电报装申请书、客户用电设备信息登记表（动力、照明）吗,要相关政府部门批准的许可文件包括政府主管部门立项或批复文件，环境评估报告、生产许可证等吗","43,57"
6043,"需要带着客户用电报装申请书、客户用电设备信息登记表（动力、照明）吗,方案答复具体指什么","43,58"
6046,"要客户用电报装申请书、客户用电设备信息登记表（动力、照明）吗,装表接电是？","43,59"
6047,"需要带着客户用电报装申请书、客户用电设备信息登记表（动力、照明）吗,装表接电具体指什么","43,59"
6052,"要房屋产权证明嘛,是我租的房子","44,45"
6054,"要房屋产权证明吗,我需要带着租赁协议复印件及产权人同意报装证明材料吗","44,46"
6055,"要房屋产权证明嘛,要租赁协议复印件及产权人同意报装证明材料吗","44,46"
6059,"要房屋产权证明嘛,要合法的土地使用证明吗","44,47"
6062,"要房屋产权证明吗,要带着土地租赁协议及产权人同意报装证明材料吗","44,48"
6065,"要房屋产权证明吗,要由所在乡、镇或乡镇以上级别政府部门根据所辖权限开据证明吗","44,49"
6068,"要房屋产权证明嘛,请问要由所在乡、镇或乡镇以上级别政府部门根据所辖权限开据证明吗","44,49"
6069,"要房屋产权证明吗,是国家优惠电价","44,50"
6070,"要房屋产权证明吗,当时电价有打折","44,50"
6076,"要房屋产权证明嘛,我要带着政府有关部门核发的资质证明和公益证明（学校、养老院、居委会等）吗","44,51"
6081,"要房屋产权证明吗,要上级批准文件、立项批准文件吗","44,53"
6083,"要房屋产权证明嘛,要上级批准文件、立项批准文件吗","44,53"
6084,"要房屋产权证明嘛,要上级批准文件吗","44,53"
6085,"要房屋产权证明吗,要规划立项","44,54"
6094,"要房屋产权证明嘛,我是做钢铁的","44,56"
6095,"要房屋产权证明吗,要相关政府部门批准的许可文件包括政府主管部门立项或批复文件，环境评估报告、生产许可证等吗","44,57"
6097,"要房屋产权证明嘛,要相关政府部门批准的许可文件包括政府主管部门立项或批复文件，环境评估报告、生产许可证等吗","44,57"
6099,"要房屋产权证明吗,方案答复具体指什么","44,58"
6101,"要房屋产权证明嘛,方案答复具体指什么","44,58"
6103,"要房屋产权证明吗,装表接电具体指什么","44,59"
6107,"这房子是我租的,要租赁协议复印件及产权人同意报装证明材料吗","45,46"
6108,"这房子是我租的,我需要带着租赁协议复印件及产权人同意报装证明材料吗","45,46"
6110,"是我租的房子,我需要带着租赁协议复印件及产权人同意报装证明材料吗","45,46"
6114,"是我租的房子,要合法的土地使用证明吗","45,47"
6116,"这房子是我租的,要带着土地租赁协议及产权人同意报装证明材料吗","45,48"
6119,"这房子是我租的,要由所在乡、镇或乡镇以上级别政府部门根据所辖权限开据证明吗","45,49"
6122,"是我租的房子,请问要由所在乡、镇或乡镇以上级别政府部门根据所辖权限开据证明吗","45,49"
6126,"是我租的房子,当时电价有打折","45,50"
6128,"这房子是我租的,我要带着政府有关部门核发的资质证明和公益证明（学校、养老院、居委会等）吗","45,51"
6129,"是我租的房子,要政府有关部门核发的资质证明和公益证明（学校、养老院、居委会等）吗","45,51"
6134,"是我租的房子,要带项目立项及批复吗","45,52"
6136,"这房子是我租的,要上级批准文件吗","45,53"
6138,"是我租的房子,要上级批准文件吗","45,53"
6140,"是我租的房子,要规划立项","45,54"
6143,"是我租的房子,要建设工程规划许可证及附件吗","45,55"
6150,"这房子是我租的,我需要带相关政府部门批准的许可文件包括政府主管部门立项或批复文件，环境评估报告、生产许可证等吗","45,57"
6152,"是我租的房子,我需要带相关政府部门批准的许可文件包括政府主管部门立项或批复文件，环境评估报告、生产许可证等吗","45,57"
6154,"这房子是我租的,方案答复这一步我需要做什么？","45,58"
6158,"这房子是我租的,装表接电是？","45,59"
6160,"是我租的房子,装表接电是？","45,59"
6162,"要租赁协议复印件及产权人同意报装证明材料吗,要合法的土地使用证明吗","46,47"
6164,"我需要带着租赁协议复印件及产权人同意报装证明材料吗,要合法的土地使用证明吗","46,47"
6173,"要租赁协议复印件及产权人同意报装证明材料吗,是国家优惠电价","46,50"
6175,"我需要带着租赁协议复印件及产权人同意报装证明材料吗,是国家优惠电价","46,50"
6179,"我需要带着租赁协议复印件及产权人同意报装证明材料吗,要政府有关部门核发的资质证明和公益证明（学校、养老院、居委会等）吗","46,51"
6185,"要租赁协议复印件及产权人同意报装证明材料吗,要上级批准文件、立项批准文件吗","46,53"
6187,"我需要带着租赁协议复印件及产权人同意报装证明材料吗,要上级批准文件、立项批准文件吗","46,53"
6193,"我需要带着租赁协议复印件及产权人同意报装证明材料吗,要建设工程规划许可证及附件吗","46,55"
6198,"我需要带着租赁协议复印件及产权人同意报装证明材料吗,我是做钢铁的","46,56"
6203,"要租赁协议复印件及产权人同意报装证明材料吗,方案答复具体指什么","46,58"
6204,"要租赁协议复印件及产权人同意报装证明材料吗,方案答复这一步我需要做什么？","46,58"
6205,"我需要带着租赁协议复印件及产权人同意报装证明材料吗,方案答复具体指什么","46,58"
6209,"我需要带着租赁协议复印件及产权人同意报装证明材料吗,装表接电具体指什么","46,59"
6211,"要合法的土地使用证明吗,要土地租赁协议及产权人同意报装证明材料吗","47,48"
6213,"要合法的土地使用证明吗,要土地租赁协议及产权人同意报装证明材料吗","47,48"
6222,"要合法的土地使用证明吗,当时电价有打折","47,50"
6224,"要合法的土地使用证明吗,我要带着政府有关部门核发的资质证明和公益证明（学校、养老院、居委会等）吗","47,51"
6226,"要合法的土地使用证明吗,我要带着政府有关部门核发的资质证明和公益证明（学校、养老院、居委会等）吗","47,51"
6228,"要合法的土地使用证明吗,要带项目立项及批复吗","47,52"
6231,"要合法的土地使用证明吗,要上级批准文件、立项批准文件吗","47,53"
6232,"要合法的土地使用证明吗,要上级批准文件吗","47,53"
6236,"要合法的土地使用证明吗,要规划立项","47,54"
6237,"要合法的土地使用证明吗,要建设工程规划许可证及附件吗","47,55"
6238,"要合法的土地使用证明吗,我需要带建设工程规划许可证及附件吗","47,55"
6239,"要合法的土地使用证明吗,要建设工程规划许可证及附件吗","47,55"
6242,"要合法的土地使用证明吗,我是做钢铁的","47,56"
6250,"要合法的土地使用证明吗,方案答复这一步我需要做什么？","47,58"
6258,"要土地租赁协议及产权人同意报装证明材料吗,请问要由所在乡、镇或乡镇以上级别政府部门根据所辖权限开据证明吗","48,49"
6259,"要带着土地租赁协议及产权人同意报装证明材料吗,要由所在乡、镇或乡镇以上级别政府部门根据所辖权限开据证明吗","48,49"
6261,"要土地租赁协议及产权人同意报装证明材料吗,是国家优惠电价","48,50"
6265,"要土地租赁协议及产权人同意报装证明材料吗,要政府有关部门核发的资质证明和公益证明（学校、养老院、居委会等）吗","48,51"
6270,"要土地租赁协议及产权人同意报装证明材料吗,要带项目立项及批复吗","48,52"
6271,"要带着土地租赁协议及产权人同意报装证明材料吗,要项目立项及批复吗","48,52"
6272,"要带着土地租赁协议及产权人同意报装证明材料吗,要带项目立项及批复吗","48,52"
6273,"要土地租赁协议及产权人同意报装证明材料吗,要上级批准文件、立项批准文件吗","48,53"
6281,"要带着土地租赁协议及产权人同意报装证明材料吗,要建设工程规划许可证及附件吗","48,55"
6284,"要土地租赁协议及产权人同意报装证明材料吗,我是做钢铁的","48,56"
6286,"要带着土地租赁协议及产权人同意报装证明材料吗,我是做钢铁的","48,56"
6287,"要土地租赁协议及产权人同意报装证明材料吗,要相关政府部门批准的许可文件包括政府主管部门立项或批复文件，环境评估报告、生产许可证等吗","48,57"
6293,"要带着土地租赁协议及产权人同意报装证明材料吗,方案答复具体指什么","48,58"
6300,"要由所在乡、镇或乡镇以上级别政府部门根据所辖权限开据证明吗,当时电价有打折","49,50"
6306,"请问要由所在乡、镇或乡镇以上级别政府部门根据所辖权限开据证明吗,我要带着政府有关部门核发的资质证明和公益证明（学校、养老院、居委会等）吗","49,51"
6308,"要由所在乡、镇或乡镇以上级别政府部门根据所辖权限开据证明吗,要带项目立项及批复吗","49,52"
6321,"要由所在乡、镇或乡镇以上级别政府部门根据所辖权限开据证明吗,我属于钢铁、电解铝、铁合金、水泥、电石、烧碱、黄磷、锌冶炼高耗能等特殊行业客户","49,56"
6324,"请问要由所在乡、镇或乡镇以上级别政府部门根据所辖权限开据证明吗,我是做钢铁的","49,56"
6325,"要由所在乡、镇或乡镇以上级别政府部门根据所辖权限开据证明吗,要相关政府部门批准的许可文件包括政府主管部门立项或批复文件，环境评估报告、生产许可证等吗","49,57"
6330,"要由所在乡、镇或乡镇以上级别政府部门根据所辖权限开据证明吗,方案答复这一步我需要做什么？","49,58"
6333,"要由所在乡、镇或乡镇以上级别政府部门根据所辖权限开据证明吗,装表接电具体指什么","49,59"
6335,"请问要由所在乡、镇或乡镇以上级别政府部门根据所辖权限开据证明吗,装表接电具体指什么","49,59"
6336,"请问要由所在乡、镇或乡镇以上级别政府部门根据所辖权限开据证明吗,装表接电是？","49,59"
6338,"是国家优惠电价,我要带着政府有关部门核发的资质证明和公益证明（学校、养老院、居委会等）吗","50,51"
6339,"当时电价有打折,要政府有关部门核发的资质证明和公益证明（学校、养老院、居委会等）吗","50,51"
6341,"是国家优惠电价,要项目立项及批复吗","50,52"
6343,"当时电价有打折,要项目立项及批复吗","50,52"
6345,"是国家优惠电价,要上级批准文件、立项批准文件吗","50,53"
6347,"当时电价有打折,要上级批准文件、立项批准文件吗","50,53"
6350,"当时电价有打折,要规划立项","50,54"
6351,"是国家优惠电价,要建设工程规划许可证及附件吗","50,55"
6354,"当时电价有打折,我需要带建设工程规划许可证及附件吗","50,55"
6355,"是国家优惠电价,我属于钢铁、电解铝、铁合金、水泥、电石、烧碱、黄磷、锌冶炼高耗能等特殊行业客户","50,56"
6363,"是国家优惠电价,方案答复具体指什么","50,58"
6364,"是国家优惠电价,方案答复这一步我需要做什么？","50,58"
6376,"要政府有关部门核发的资质证明和公益证明（学校、养老院、居委会等）吗,要上级批准文件吗","51,53"
6379,"要政府有关部门核发的资质证明和公益证明（学校、养老院、居委会等）吗,要规划立项","51,54"
6380,"我要带着政府有关部门核发的资质证明和公益证明（学校、养老院、居委会等）吗,要规划立项","51,54"
6382,"要政府有关部门核发的资质证明和公益证明（学校、养老院、居委会等）吗,我需要带建设工程规划许可证及附件吗","51,55"
6383,"我要带着政府有关部门核发的资质证明和公益证明（学校、养老院、居委会等）吗,要建设工程规划许可证及附件吗","51,55"
6384,"我要带着政府有关部门核发的资质证明和公益证明（学校、养老院、居委会等）吗,我需要带建设工程规划许可证及附件吗","51,55"
6385,"要政府有关部门核发的资质证明和公益证明（学校、养老院、居委会等）吗,我属于钢铁、电解铝、铁合金、水泥、电石、烧碱、黄磷、锌冶炼高耗能等特殊行业客户","51,56"
6392,"我要带着政府有关部门核发的资质证明和公益证明（学校、养老院、居委会等）吗,我需要带相关政府部门批准的许可文件包括政府主管部门立项或批复文件，环境评估报告、生产许可证等吗","51,57"
6399,"我要带着政府有关部门核发的资质证明和公益证明（学校、养老院、居委会等）吗,装表接电具体指什么","51,59"
6400,"我要带着政府有关部门核发的资质证明和公益证明（学校、养老院、居委会等）吗,装表接电是？","51,59"
6403,"要带项目立项及批复吗,要上级批准文件、立项批准文件吗","52,53"
6404,"要带项目立项及批复吗,要上级批准文件吗","52,53"
6405,"要项目立项及批复吗,要规划立项","52,54"
6411,"要项目立项及批复吗,我属于钢铁、电解铝、铁合金、水泥、电石、烧碱、黄磷、锌冶炼高耗能等特殊行业客户","52,56"
6412,"要项目立项及批复吗,我是做钢铁的","52,56"
6419,"要项目立项及批复吗,方案答复具体指什么","52,58"
6425,"要带项目立项及批复吗,装表接电具体指什么","52,59"
6427,"要上级批准文件、立项批准文件吗,要规划立项","53,54"
6430,"要上级批准文件、立项批准文件吗,我需要带建设工程规划许可证及附件吗","53,55"
6433,"要上级批准文件、立项批准文件吗,我属于钢铁、电解铝、铁合金、水泥、电石、烧碱、黄磷、锌冶炼高耗能等特殊行业客户","53,56"
6434,"要上级批准文件、立项批准文件吗,我是做钢铁的","53,56"
6436,"要上级批准文件吗,我是做钢铁的","53,56"
6440,"要上级批准文件吗,我需要带相关政府部门批准的许可文件包括政府主管部门立项或批复文件，环境评估报告、生产许可证等吗","53,57"
6445,"要上级批准文件、立项批准文件吗,装表接电具体指什么","53,59"
6447,"要上级批准文件吗,装表接电具体指什么","53,59"
6449,"要规划立项,要建设工程规划许可证及附件吗","54,55"
6450,"要规划立项,我需要带建设工程规划许可证及附件吗","54,55"
6454,"要规划立项,我需要带相关政府部门批准的许可文件包括政府主管部门立项或批复文件，环境评估报告、生产许可证等吗","54,57"
6458,"要规划立项,装表接电是？","54,59"
6460,"要建设工程规划许可证及附件吗,我是做钢铁的","55,56"
6464,"要建设工程规划许可证及附件吗,我需要带相关政府部门批准的许可文件包括政府主管部门立项或批复文件，环境评估报告、生产许可证等吗","55,57"
6466,"我需要带建设工程规划许可证及附件吗,我需要带相关政府部门批准的许可文件包括政府主管部门立项或批复文件，环境评估报告、生产许可证等吗","55,57"
6470,"我需要带建设工程规划许可证及附件吗,方案答复这一步我需要做什么？","55,58"
6476,"我属于钢铁、电解铝、铁合金、水泥、电石、烧碱、黄磷、锌冶炼高耗能等特殊行业客户,我需要带相关政府部门批准的许可文件包括政府主管部门立项或批复文件，环境评估报告、生产许可证等吗","56,57"
6477,"我是做钢铁的,要相关政府部门批准的许可文件包括政府主管部门立项或批复文件，环境评估报告、生产许可证等吗","56,57"
6480,"我属于钢铁、电解铝、铁合金、水泥、电石、烧碱、黄磷、锌冶炼高耗能等特殊行业客户,方案答复这一步我需要做什么？","56,58"
6481,"我是做钢铁的,方案答复具体指什么","56,58"
6487,"要相关政府部门批准的许可文件包括政府主管部门立项或批复文件，环境评估报告、生产许可证等吗,方案答复具体指什么","57,58"
6490,"我需要带相关政府部门批准的许可文件包括政府主管部门立项或批复文件，环境评估报告、生产许可证等吗,方案答复这一步我需要做什么？","57,58"
6492,"要相关政府部门批准的许可文件包括政府主管部门立项或批复文件，环境评估报告、生产许可证等吗,装表接电是？","57,59"
6495,"方案答复具体指什么,装表接电具体指什么","58,59"
6496,"方案答复具体指什么,装表接电是？","58,59"
